"id","name","nation","pos","club","rating","rarity"
"216","Vinícius Júnior","Brazil","FW","Real Madrid","92","icon"
"680","Mohamed Salah","Egypt","FW","Liverpool","89","icon"
"806","Rodri","Spain","MF","Manchester City","90","icon"
"852","Kylian Mbappé","France","FW","Real Madrid","92","icon"
"903","Erling Haaland","Norway","FW","Manchester City","94","icon"
"1203","Jude Bellingham","England","MF","Real Madrid","90","legend"
"1207","Harry Kane","England","FW","Bayern Munich","94","legend"
"809","Lamine Yamal","Spain","FW","Barcelona","94","legend"
"210","Alisson","Brazil","GK","Liverpool","87","legend"
"495","Florian Wirtz","Germany","MF","Liverpool","88","legend"
"591","Alexander Isak","Sweden","FW","Liverpool","88","legend"
"635","Thibaut Courtois","Belgium","GK","Real Madrid","90","legend"
"829","Federico Valverde","Uruguay","MF","Real Madrid","90","legend"
"984","Lionel Messi","Argentina","FW","Inter Miami CF","91","legend"
"1119","Bernardo Silva","Portugal","MF","Manchester City","87","legend"
"1209","Bukayo Saka","England","FW","Arsenal","91","legend"
"265","Achraf Hakimi","Morocco","DF","Paris Saint-Germain","91","legend"
"488","Jamal Musiala","Germany","MF","Bayern Munich","89","legend"
"560","Virgil van Dijk","Netherlands","DF","Liverpool","87","legend"
"599","Viktor Gyökeres","Sweden","FW","Arsenal","89","legend"
"648","Kevin De Bruyne","Belgium","MF","Napoli","89","legend"
"904","Martin Ødegaard","Norway","MF","Arsenal","89","legend"
"212","Gabriel Magalhães","Brazil","DF","Arsenal","88","legend"
"220","Raphinha","Brazil","FW","Barcelona","90","legend"
"810","Pedri","Spain","MF","Barcelona","89","legend"
"847","Jules Koundé","France","DF","Barcelona","88","legend"
"859","William Saliba","France","DF","Arsenal","88","legend"
"996","Lautaro Martínez","Argentina","FW","Inter Milan","88","legend"
"1110","Rúben Dias","Portugal","DF","Manchester City","88","legend"
"1166","Joško Gvardiol","Croatia","DF","Manchester City","88","legend"
"1202","Declan Rice","England","MF","Arsenal","91","legend"
"82","Kim Min-jae","South Korea","DF","Bayern Munich","87","legend"
"383","Hakan Çalhanoğlu","Turkey","MF","Inter Milan","87","legend"
"484","Joshua Kimmich","Germany","MF","Bayern Munich","87","legend"
"570","Tijjani Reijnders","Netherlands","MF","Manchester City","87","legend"
"791","David Raya","Spain","GK","Arsenal","88","legend"
"807","Nico Williams","Spain","FW","Athletic Bilbao","87","legend"
"849","Ousmane Dembélé","France","FW","Paris Saint-Germain","87","legend"
"858","Mike Maignan","France","GK","Milan","87","legend"
"983","Julián Alvarez","Argentina","FW","Atlético Madrid","87","legend"
"997","Emiliano Martínez","Argentina","GK","Aston Villa","87","legend"
"1076","Luis Díaz","Colombia","FW","Bayern Munich","87","legend"
"1120","Bruno Fernandes","Portugal","MF","Manchester United","87","legend"
"149","Alphonso Davies","Canada","DF","Bayern Munich","86","legend"
"188","Manuel Akanji","Switzerland","DF","Inter Milan","86","legend"
"213","Marquinhos","Brazil","DF","Paris Saint-Germain","86","legend"
"410","Christian Pulisic","United States","FW","Milan","86","legend"
"475","Moisés Caicedo","Ecuador","MF","Chelsea","86","legend"
"480","Antonio Rüdiger","Germany","DF","Real Madrid","86","legend"
"808","Martín Zubimendi","Spain","MF","Arsenal","86","legend"
"850","Aurélien Tchouaméni","France","MF","Real Madrid","86","legend"
"851","Marcus Thuram","France","FW","Inter Milan","86","legend"
"857","Ibrahima Konaté","France","DF","Liverpool","86","legend"
"994","Alexis Mac Allister","Argentina","MF","Liverpool","86","legend"
"1122","Vitinha","Portugal","MF","Paris Saint-Germain","93","legend"
"1127","Rafael Leão","Portugal","FW","Milan","86","legend"
"1173","Luka Modrić","Croatia","MF","Milan","86","legend"
"184","Gregor Kobel","Switzerland","GK","Borussia Dortmund","85","epic"
"217","Bruno Guimarães","Brazil","MF","Newcastle United","85","epic"
"479","Manuel Neuer","Germany","GK","Bayern Munich","85","epic"
"572","Ryan Gravenberch","Netherlands","MF","Liverpool","85","epic"
"579","Cody Gakpo","Netherlands","FW","Liverpool","85","epic"
"793","Álex Grimaldo","Spain","DF","Bayer Leverkusen","85","epic"
"800","Dani Olmo","Spain","FW","Barcelona","85","epic"
"824","Ronald Araújo","Uruguay","DF","Barcelona","85","epic"
"853","Michael Olise","France","FW","Bayern Munich","94","epic"
"987","Cristian Romero","Argentina","DF","Tottenham Hotspur","85","epic"
"1113","Nuno Mendes","Portugal","DF","Paris Saint-Germain","92","epic"
"1125","Cristiano Ronaldo","Portugal","FW","Al-Nassr","85","epic"
"1174","Mateo Kovačić","Croatia","MF","Manchester City","85","epic"
"1192","John Stones","England","DF","Manchester City","85","epic"
"140","Jonathan David","Canada","FW","Juventus","84","epic"
"231","Gabriel Martinelli","Brazil","FW","Arsenal","84","epic"
"291","Andy Robertson","Scotland","DF","Liverpool","84","epic"
"455","Piero Hincapié","Ecuador","DF","Arsenal","84","epic"
"485","Kai Havertz","Germany","FW","Arsenal","84","epic"
"568","Frenkie de Jong","Netherlands","MF","Barcelona","84","epic"
"653","Romelu Lukaku","Belgium","FW","Napoli","84","epic"
"683","Omar Marmoush","Egypt","FW","Manchester City","84","epic"
"796","Mikel Merino","Spain","MF","Arsenal","84","epic"
"798","Fabián Ruiz","Spain","MF","Paris Saint-Germain","84","epic"
"799","Gavi","Spain","MF","Barcelona","84","epic"
"820","José María Giménez","Uruguay","DF","Atlético Madrid","84","epic"
"846","Dayot Upamecano","France","DF","Bayern Munich","84","epic"
"861","Théo Hernandez","France","DF","Al-Hilal","84","epic"
"955","Rayan Aït-Nouri","Algeria","DF","Manchester City","84","epic"
"980","Lisandro Martínez","Argentina","DF","Manchester United","84","epic"
"1008","David Alaba","Austria","DF","Real Madrid","84","epic"
"1107","Diogo Costa","Portugal","GK","Porto","84","epic"
"1111","João Cancelo","Portugal","DF","Barcelona","84","epic"
"1123","João Neves","Portugal","MF","Paris Saint-Germain","84","epic"
"1189","Jordan Pickford","England","GK","Everton","84","epic"
"95","Lee Kang-in","South Korea","MF","Paris Saint-Germain","83","epic"
"218","Matheus Cunha","Brazil","FW","Manchester United","83","epic"
"262","Yassine Bounou","Morocco","GK","Al-Hilal","83","epic"
"458","Willian Pacho","Ecuador","DF","Paris Saint-Germain","83","epic"
"482","Jonathan Tah","Germany","DF","Bayern Munich","83","epic"
"563","Jurriën Timber","Netherlands","DF","Arsenal","83","epic"
"564","Micky van de Ven","Netherlands","DF","Tottenham Hotspur","83","epic"
"802","Pedro Porro","Spain","DF","Tottenham Hotspur","83","epic"
"804","Aymeric Laporte","Spain","DF","Athletic Bilbao","83","epic"
"805","Álex Baena","Spain","MF","Atlético Madrid","83","epic"
"812","Pau Cubarsí","Spain","DF","Barcelona","83","epic"
"813","Unai Simón","Spain","GK","Athletic Bilbao","83","epic"
"840","Darwin Núñez","Uruguay","FW","Al-Hilal","83","epic"
"998","Enzo Fernández","Argentina","MF","Chelsea","83","epic"
"1121","Rúben Neves","Portugal","MF","Al-Hilal","83","epic"
"1193","Marc Guéhi","England","DF","Manchester City","83","epic"
"1212","Eberechi Eze","England","FW","Arsenal","83","epic"
"36","Edson Álvarez","Mexico","MF","Fenerbahçe","82","epic"
"48","Santiago Giménez","Mexico","FW","Milan","82","epic"
"102","Son Heung-min","South Korea","FW","Los Angeles FC","82","epic"
"193","Granit Xhaka","Switzerland","MF","Sunderland","82","epic"
"223","Bremer","Brazil","DF","Juventus","82","epic"
"267","Noussair Mazraoui","Morocco","DF","Manchester United","82","epic"
"284","Brahim Díaz","Morocco","FW","Real Madrid","82","epic"
"302","Scott McTominay","Scotland","MF","Napoli","90","epic"
"393","Arda Güler","Turkey","FW","Real Madrid","82","epic"
"526","Amad Diallo","Ivory Coast","FW","Manchester United","82","epic"
"557","Bart Verbruggen","Netherlands","GK","Brighton & Hove Albion","82","epic"
"561","Denzel Dumfries","Netherlands","DF","Inter Milan","82","epic"
"562","Nathan Aké","Netherlands","DF","Manchester City","82","epic"
"571","Teun Koopmeiners","Netherlands","MF","Juventus","82","epic"
"649","Youri Tielemans","Belgium","MF","Aston Villa","82","epic"
"654","Leandro Trossard","Belgium","FW","Arsenal","82","epic"
"657","Charles De Ketelaere","Belgium","FW","Atalanta","82","epic"
"795","Marcos Llorente","Spain","DF","Atlético Madrid","82","epic"
"814","Marc Cucurella","Spain","DF","Chelsea","82","epic"
"854","Bradley Barcola","France","FW","Paris Saint-Germain","88","epic"
"863","Lucas Hernandez","France","DF","Paris Saint-Germain","82","epic"
"866","Rayan Cherki","France","FW","Manchester City","91","epic"
"944","Nicolas Jackson","Senegal","FW","Bayern Munich","82","epic"
"981","Rodrigo De Paul","Argentina","MF","Inter Miami CF","82","epic"
"988","Exequiel Palacios","Argentina","MF","Bayer Leverkusen","82","epic"
"1114","Diogo Dalot","Portugal","DF","Manchester United","82","epic"
"1115","Gonçalo Inácio","Portugal","DF","Sporting CP","82","epic"
"1163","Dominik Livaković","Croatia","GK","Dinamo Zagreb","82","epic"
"1210","Ollie Watkins","England","FW","Aston Villa","82","epic"
"1211","Anthony Gordon","England","FW","Newcastle United","82","epic"
"1213","Noni Madueke","England","FW","Arsenal","82","epic"
"189","Denis Zakaria","Switzerland","MF","Monaco","81","epic"
"232","Ederson","Brazil","GK","Fenerbahçe","81","epic"
"459","Pervis Estupiñán","Ecuador","DF","Milan","81","epic"
"493","Nico Schlotterbeck","Germany","DF","Borussia Dortmund","81","epic"
"514","Ousmane Diomande","Ivory Coast","DF","Sporting CP","81","epic"
"538","Takefusa Kubo","Japan","MF","Real Sociedad","81","epic"
"586","Isak Hien","Sweden","DF","Atalanta","81","epic"
"651","Amadou Onana","Belgium","MF","Aston Villa","81","epic"
"655","Jérémy Doku","Belgium","FW","Manchester City","87","epic"
"844","Malo Gusto","France","DF","Chelsea","81","epic"
"860","Warren Zaïre-Emery","France","MF","Paris Saint-Germain","85","epic"
"901","Alexander Sørloth","Norway","FW","Atlético Madrid","81","epic"
"975","Juan Musso","Argentina","GK","Atlético Madrid","81","epic"
"1009","Marcel Sabitzer","Austria","MF","Borussia Dortmund","81","epic"
"1058","Davinson Sánchez","Colombia","DF","Galatasaray","81","epic"
"1229","Thomas Partey","Ghana","MF","Villarreal","81","epic"
"1238","Iñaki Williams","Ghana","FW","Athletic Bilbao","81","epic"
"22","Patrik Schick","Czech Republic","FW","Bayer Leverkusen","80","epic"
"93","Hwang Hee-chan","South Korea","MF","Wolverhampton Wanderers","80","epic"
"301","John McGinn","Scotland","MF","Aston Villa","85","epic"
"375","Ferdi Kadıoğlu","Turkey","DF","Brighton & Hove Albion","80","epic"
"394","Kenan Yıldız","Turkey","FW","Juventus","80","epic"
"405","Antonee Robinson","United States","DF","Fulham","80","epic"
"486","Leon Goretzka","Germany","MF","Bayern Munich","80","epic"
"509","Odilon Kossounou","Ivory Coast","DF","Atalanta","80","epic"
"569","Marten de Roon","Netherlands","MF","Atalanta","80","epic"
"811","Mikel Oyarzabal","Spain","FW","Real Sociedad","80","epic"
"822","Mathías Olivera","Uruguay","DF","Napoli","80","epic"
"828","Rodrigo Bentancur","Uruguay","MF","Tottenham Hotspur","80","epic"
"832","Manuel Ugarte","Uruguay","MF","Manchester United","80","epic"
"848","Manu Koné","France","MF","Roma","80","epic"
"862","Désiré Doué","France","FW","Paris Saint-Germain","92","epic"
"953","Ramy Bensebaini","Algeria","DF","Borussia Dortmund","80","epic"
"985","Giovani Lo Celso","Argentina","MF","Real Betis","80","epic"
"986","Gerónimo Rulli","Argentina","GK","Marseille","80","epic"
"1000","Nahuel Molina","Argentina","DF","Atlético Madrid","80","epic"
"1020","Konrad Laimer","Austria","MF","Bayern Munich","80","epic"
"1070","Richard Ríos","Colombia","MF","Benfica","80","epic"
"1104","Yoane Wissa","DR Congo","FW","Newcastle United","80","epic"
"1126","João Félix","Portugal","FW","Al-Nassr","80","epic"
"1129","Gonçalo Ramos","Portugal","FW","Paris Saint-Germain","80","epic"
"1130","Pedro Neto","Portugal","FW","Chelsea","80","epic"
"1132","Francisco Conceição","Portugal","FW","Juventus","80","epic"
"1169","Josip Stanišić","Croatia","DF","Bayern Munich","80","epic"
"1175","Mario Pašalić","Croatia","MF","Atalanta","80","epic"
"1177","Luka Sučić","Croatia","MF","Real Sociedad","80","epic"
"1184","Andrej Kramarić","Croatia","FW","TSG Hoffenheim","80","epic"
"1195","Ezri Konsa","England","DF","Aston Villa","80","epic"
"1237","Antoine Semenyo","Ghana","FW","Manchester City","86","epic"
"13","Tomáš Souček","Czech Republic","MF","West Ham United","79","epic"
"94","Hwang In-beom","South Korea","MF","Feyenoord","79","epic"
"108","Sead Kolašinac","Bosnia and Herzegovina","DF","Atalanta","79","epic"
"194","Dan Ndoye","Switzerland","FW","Nottingham Forest","79","epic"
"229","Lucas Paquetá","Brazil","MF","Flamengo","79","epic"
"266","Nayef Aguerd","Morocco","DF","Marseille","79","epic"
"366","Uğurcan Çakır","Turkey","GK","Galatasaray","79","epic"
"408","Weston McKennie","United States","MF","Juventus","79","epic"
"417","Malik Tillman","United States","MF","Bayer Leverkusen","79","epic"
"481","Waldemar Anton","Germany","DF","Borussia Dortmund","79","epic"
"497","Leroy Sané","Germany","MF","Galatasaray","79","epic"
"511","Evan Ndicka","Ivory Coast","DF","Roma","79","epic"
"536","Wataru Endo","Japan","MF","Liverpool","79","epic"
"551","Hiroki Itō","Japan","DF","Bayern Munich","79","epic"
"552","Takehiro Tomiyasu","Japan","DF","Ajax","79","epic"
"558","Mark Flekken","Netherlands","GK","Bayer Leverkusen","79","epic"
"578","Donyell Malen","Netherlands","FW","Roma","79","epic"
"794","Eric García","Spain","DF","Barcelona","79","epic"
"797","Ferran Torres","Spain","FW","Barcelona","79","epic"
"801","Yéremy Pino","Spain","FW","Crystal Palace","79","epic"
"830","Giorgian de Arrascaeta","Uruguay","MF","Flamengo","79","epic"
"845","Lucas Digne","France","DF","Aston Villa","79","epic"
"855","N'Golo Kanté","France","MF","Fenerbahçe","79","epic"
"920","Julian Ryerson","Norway","DF","Borussia Dortmund","79","epic"
"941","Sadio Mané","Senegal","FW","Al-Nassr","79","epic"
"976","Leonardo Balerdi","Argentina","DF","Marseille","79","epic"
"990","Thiago Almada","Argentina","FW","Atlético Madrid","79","epic"
"993","Nicolás Otamendi","Argentina","DF","Benfica","79","epic"
"1003","Kevin Danso","Austria","DF","Tottenham Hotspur","79","epic"
"1019","Christoph Baumgartner","Austria","MF","RB Leipzig","79","epic"
"1069","Jhon Arias","Colombia","MF","Palmeiras","79","epic"
"1116","Matheus Nunes","Portugal","DF","Manchester City","79","epic"
"1131","Francisco Trincão","Portugal","FW","Sporting CP","79","epic"
"1180","Petar Sučić","Croatia","MF","Inter Milan","79","epic"
"1197","Tino Livramento","England","DF","Newcastle United","79","epic"
"1205","Kobbie Mainoo","England","MF","Manchester United","79","epic"
"1208","Marcus Rashford","England","FW","Barcelona","84","epic"
"46","Raúl Jiménez","Mexico","FW","Fulham","78","epic"
"110","Amar Dedić","Bosnia and Herzegovina","DF","Benfica","78","epic"
"127","Ermedin Demirović","Bosnia and Herzegovina","FW","VfB Stuttgart","78","epic"
"187","Nico Elvedi","Switzerland","DF","Borussia Mönchengladbach","78","epic"
"191","Remo Freuler","Switzerland","MF","Bologna","78","epic"
"214","Casemiro","Brazil","MF","Manchester United","78","epic"
"224","Léo Pereira","Brazil","DF","Flamengo","78","epic"
"226","Fabinho","Brazil","MF","Al-Ittihad","78","epic"
"230","Luiz Henrique","Brazil","FW","Zenit Saint Petersburg","78","epic"
"274","Sofyan Amrabat","Morocco","MF","Real Betis","78","epic"
"277","Ismael Saibari","Morocco","MF","PSV Eindhoven","78","epic"
"280","Ayyoub Bouaddi","Morocco","MF","Lille","78","epic"
"343","Gustavo Gómez","Paraguay","DF","Palmeiras","78","epic"
"371","Merih Demiral","Turkey","DF","Al-Ahli","78","epic"
"404","Tyler Adams","United States","MF","Bournemouth","78","epic"
"483","Aleksandar Pavlović","Germany","MF","Bayern Munich","78","epic"
"494","Angelo Stiller","Germany","MF","VfB Stuttgart","78","epic"
"504","Deniz Undav","Germany","FW","VfB Stuttgart","83","epic"
"524","Simon Adingra","Ivory Coast","FW","Monaco","78","epic"
"545","Daichi Kamada","Japan","MF","Crystal Palace","78","epic"
"567","Jorrel Hato","Netherlands","DF","Chelsea","78","epic"
"573","Justin Kluivert","Netherlands","MF","Bournemouth","78","epic"
"580","Noa Lang","Netherlands","FW","Galatasaray","78","epic"
"582","Crysencio Summerville","Netherlands","FW","West Ham United","78","epic"
"593","Anthony Elanga","Sweden","FW","Newcastle United","78","epic"
"621","Ellyes Skhiri","Tunisia","MF","Eintracht Frankfurt","78","epic"
"640","Arthur Theate","Belgium","DF","Eintracht Frankfurt","78","epic"
"641","Zeno Debast","Belgium","DF","Sporting CP","78","epic"
"647","Axel Witsel","Belgium","MF","Girona","78","epic"
"656","Dodi Lukébakio","Belgium","FW","Benfica","78","epic"
"708","Mehdi Taremi","Iran","FW","Olympiacos","78","epic"
"721","Chris Wood","New Zealand","FW","Nottingham Forest","78","epic"
"843","Brice Samba","France","GK","Rennes","78","epic"
"856","Adrien Rabiot","France","MF","Milan","78","epic"
"867","Maghnes Akliouche","France","FW","Monaco","78","epic"
"897","Kristoffer Ajer","Norway","DF","Brentford","78","epic"
"905","Jørgen Strand Larsen","Norway","FW","Crystal Palace","78","epic"
"908","Fredrik Aursnes","Norway","MF","Benfica","78","epic"
"921","Édouard Mendy","Senegal","GK","Al-Ahli","78","epic"
"924","Kalidou Koulibaly","Senegal","DF","Al-Hilal","78","epic"
"936","Pape Matar Sarr","Senegal","MF","Tottenham Hotspur","78","epic"
"970","Amine Gouiri","Algeria","FW","Marseille","78","epic"
"977","Nicolás Tagliafico","Argentina","DF","Lyon","78","epic"
"989","Nicolás González","Argentina","FW","Atlético Madrid","78","epic"
"1004","Xaver Schlager","Austria","MF","RB Leipzig","78","epic"
"1006","Nicolas Seiwald","Austria","MF","RB Leipzig","78","epic"
"1024","Paul Wanner","Austria","MF","PSV Eindhoven","78","epic"
"1060","Yerry Mina","Colombia","DF","Cagliari","78","epic"
"1061","Daniel Muñoz","Colombia","DF","Crystal Palace","78","epic"
"1063","Jhon Lucumí","Colombia","DF","Bologna","78","epic"
"1079","Cucho Hernández","Colombia","FW","Real Betis","78","epic"
"1108","José Sá","Portugal","GK","Wolverhampton Wanderers","78","epic"
"1167","Duje Ćaleta-Car","Croatia","DF","Real Sociedad","78","epic"
"1185","Ante Budimir","Croatia","FW","Osasuna","78","epic"
"1190","Dean Henderson","England","GK","Crystal Palace","78","epic"
"1194","Reece James","England","DF","Chelsea","78","epic"
"1196","Dan Burn","England","DF","Newcastle United","78","epic"
"1204","Morgan Rogers","England","MF","Aston Villa","78","epic"
"23","Adam Hložek","Czech Republic","FW","TSG Hoffenheim","77","rare"
"45","Álvaro Fidalgo","Mexico","MF","Real Betis","77","rare"
"92","Lee Jae-sung","South Korea","MF","Mainz 05","77","rare"
"276","Bilal El Khannouss","Morocco","MF","VfB Stuttgart","77","rare"
"305","Lewis Ferguson","Scotland","MF","Bologna","77","rare"
"354","Ramón Sosa","Paraguay","MF","Palmeiras","77","rare"
"367","Mert Günok","Turkey","GK","Fenerbahçe","77","rare"
"390","Kerem Aktürkoğlu","Turkey","FW","Fenerbahçe","77","rare"
"392","Barış Alper Yılmaz","Turkey","FW","Galatasaray","77","rare"
"420","Folarin Balogun","United States","FW","Monaco","77","rare"
"421","Timothy Weah","United States","FW","Marseille","77","rare"
"454","Félix Torres","Ecuador","DF","Internacional","77","rare"
"499","Alexander Nübel","Germany","GK","VfB Stuttgart","77","rare"
"500","David Raum","Germany","DF","RB Leipzig","77","rare"
"518","Ibrahim Sangaré","Ivory Coast","MF","Nottingham Forest","77","rare"
"540","Ritsu Dōan","Japan","MF","Eintracht Frankfurt","77","rare"
"548","Ayase Ueda","Japan","FW","Feyenoord","77","rare"
"566","Jan Paul van Hecke","Netherlands","DF","Brighton & Hove Albion","77","rare"
"585","Victor Lindelöf","Sweden","DF","Aston Villa","77","rare"
"658","Alexis Saelemaekers","Belgium","FW","Milan","77","rare"
"833","Nicolás de la Cruz","Uruguay","MF","Flamengo","77","rare"
"864","Jean-Philippe Mateta","France","FW","Crystal Palace","77","rare"
"902","Sander Berge","Norway","MF","Fulham","77","rare"
"914","Antonio Nusa","Norway","MF","RB Leipzig","77","rare"
"937","Lamine Camara","Senegal","MF","Monaco","77","rare"
"969","Mohamed Amoura","Algeria","FW","VfL Wolfsburg","77","rare"
"979","Leandro Paredes","Argentina","MF","Boca Juniors","77","rare"
"999","Facundo Medina","Argentina","DF","Marseille","77","rare"
"1168","Josip Šutalo","Croatia","DF","Ajax","77","rare"
"1178","Martin Baturina","Croatia","MF","Como","77","rare"
"1231","Kamaldeen Sulemana","Ghana","MF","Atalanta","77","rare"
"33","Johan Vásquez","Mexico","DF","Genoa","76","rare"
"53","Ronwen Williams","South Africa","GK","Mamelodi Sundowns","76","rare"
"132","Alistair Johnston","Canada","DF","Celtic","90","rare"
"137","Stephen Eustáquio","Canada","MF","Los Angeles FC","76","rare"
"190","Breel Embolo","Switzerland","FW","Rennes","76","rare"
"197","Ardon Jashari","Switzerland","MF","Milan","76","rare"
"198","Djibril Sow","Switzerland","MF","Sevilla","76","rare"
"200","Rubén Vargas","Switzerland","FW","Sevilla","76","rare"
"221","Weverton","Brazil","GK","Grêmio","76","rare"
"222","Danilo Luiz","Brazil","DF","Flamengo","76","rare"
"233","Roger Ibañez","Brazil","DF","Al-Ahli","76","rare"
"281","Ayoub El Kaabi","Morocco","FW","Olympiacos","76","rare"
"293","Kieran Tierney","Scotland","DF","Celtic","88","rare"
"344","Júnior Alonso","Paraguay","DF","Atlético Mineiro","76","rare"
"372","Zeki Çelik","Turkey","DF","Roma","76","rare"
"373","Çağlar Söyüncü","Turkey","DF","Fenerbahçe","76","rare"
"377","Abdülkerim Bardakcı","Turkey","DF","Galatasaray","76","rare"
"385","Orkun Kökçü","Turkey","MF","Beşiktaş","76","rare"
"402","Sergiño Dest","United States","DF","PSV Eindhoven","76","rare"
"403","Chris Richards","United States","DF","Crystal Palace","76","rare"
"409","Ricardo Pepi","United States","FW","PSV Eindhoven","76","rare"
"411","Brenden Aaronson","United States","FW","Leeds United","76","rare"
"447","Tahith Chong","Curaçao","FW","Sheffield United","76","rare"
"456","Joel Ordóñez","Ecuador","DF","Club Brugge","76","rare"
"491","Pascal Groß","Germany","MF","Brighton & Hove Albion","76","rare"
"502","Malick Thiaw","Germany","DF","Newcastle United","76","rare"
"510","Wilfried Singo","Ivory Coast","DF","Galatasaray","76","rare"
"516","Franck Kessié","Ivory Coast","MF","Al-Ahli","76","rare"
"519","Seko Fofana","Ivory Coast","MF","Porto","76","rare"
"530","Ange-Yoan Bonny","Ivory Coast","FW","Inter Milan","76","rare"
"534","Kō Itakura","Japan","DF","Ajax","76","rare"
"537","Ao Tanaka","Japan","MF","Leeds United","76","rare"
"541","Daizen Maeda","Japan","FW","Celtic","94","rare"
"544","Junya Itō","Japan","MF","Genk","76","rare"
"565","Mats Wieffer","Netherlands","DF","Brighton & Hove Albion","76","rare"
"574","Quinten Timber","Netherlands","MF","Marseille","76","rare"
"581","Brian Brobbey","Netherlands","FW","Sunderland","76","rare"
"639","Timothy Castagne","Belgium","DF","Fulham","76","rare"
"642","Maxim De Cuyper","Belgium","DF","Brighton & Hove Albion","76","rare"
"650","Hans Vanaken","Belgium","MF","Club Brugge","76","rare"
"746","Logan Costa","Cape Verde","DF","Villarreal","76","rare"
"778","Salem Al-Dawsari","Saudi Arabia","MF","Al-Hilal","76","rare"
"818","Sergio Rochet","Uruguay","GK","Internacional","76","rare"
"825","Sebastián Cáceres","Uruguay","DF","América","76","rare"
"826","Joaquín Piquerez","Uruguay","DF","Palmeiras","76","rare"
"835","Maximiliano Araújo","Uruguay","MF","Sporting CP","76","rare"
"915","Andreas Schjelderup","Norway","MF","Benfica","76","rare"
"925","Krépin Diatta","Senegal","DF","Monaco","76","rare"
"926","Moussa Niakhaté","Senegal","DF","Lyon","76","rare"
"934","Idrissa Gueye","Senegal","MF","Everton","76","rare"
"968","Riyad Mahrez","Algeria","FW","Al-Ahli","76","rare"
"971","Anis Hadj Moussa","Algeria","FW","Feyenoord","76","rare"
"992","Nico Paz","Argentina","FW","Como","76","rare"
"1048","Musa Al-Taamari","Jordan","FW","Rennes","76","rare"
"1056","Camilo Vargas","Colombia","GK","Atlas","76","rare"
"1067","Jefferson Lerma","Colombia","MF","Crystal Palace","76","rare"
"1078","Luis Suárez","Colombia","FW","Sporting CP","76","rare"
"1090","Aaron Wan-Bissaka","DR Congo","DF","West Ham United","76","rare"
"1109","Rui Silva","Portugal","GK","Sporting CP","76","rare"
"1112","Nélson Semedo","Portugal","DF","Fenerbahçe","76","rare"
"1118","Tomás Araújo","Portugal","DF","Benfica","76","rare"
"1124","Samú Costa","Portugal","MF","Mallorca","76","rare"
"1141","Abdukodir Khusanov","Uzbekistan","DF","Manchester City","76","rare"
"1164","Dominik Kotarski","Croatia","GK","Copenhagen","76","rare"
"1170","Marin Pongračić","Croatia","DF","Fiorentina","76","rare"
"1176","Nikola Vlašić","Croatia","MF","Torino","76","rare"
"1","Matěj Kovář","Czech Republic","GK","PSV Eindhoven","75","rare"
"6","Ladislav Krejčí","Czech Republic","DF","Wolverhampton Wanderers","75","rare"
"44","Obed Vargas","Mexico","MF","Atlético Madrid","75","rare"
"177","Akram Afif","Qatar","FW","Al-Sadd","75","rare"
"196","Ricardo Rodriguez","Switzerland","DF","Real Betis","75","rare"
"271","Issa Diop","Morocco","DF","Fulham","75","rare"
"283","Abde Ezzalzouli","Morocco","FW","Real Betis","75","rare"
"310","Ché Adams","Scotland","FW","Torino","75","rare"
"345","Fabián Balbuena","Paraguay","DF","Grêmio","75","rare"
"351","Miguel Almirón","Paraguay","MF","Atlanta United FC","75","rare"
"374","Mert Müldür","Turkey","DF","Fenerbahçe","75","rare"
"387","Salih Özcan","Turkey","MF","Borussia Dortmund","75","rare"
"388","Atakan Karazor","Turkey","MF","VfB Stuttgart","75","rare"
"395","Yunus Akgün","Turkey","FW","Galatasaray","75","rare"
"471","Gonzalo Plata","Ecuador","MF","Flamengo","75","rare"
"473","Alan Franco","Ecuador","MF","Atlético Mineiro","75","rare"
"487","Jamie Leweling","Germany","MF","VfB Stuttgart","75","rare"
"501","Felix Nmecha","Germany","MF","Borussia Dortmund","75","rare"
"543","Keito Nakamura","Japan","MF","Reims","75","rare"
"589","Lucas Bergvall","Sweden","MF","Tottenham Hotspur","75","rare"
"669","Mohamed Abdelmonem","Egypt","DF","Nice","75","rare"
"868","Maxence Lacroix","France","DF","Crystal Palace","75","rare"
"895","Ørjan Nyland","Norway","GK","Sevilla","75","rare"
"898","Leo Østigård","Norway","DF","Genoa","75","rare"
"927","Ismail Jakobs","Senegal","DF","Galatasaray","75","rare"
"935","Pape Gueye","Senegal","MF","Villarreal","75","rare"
"952","Aïssa Mandi","Algeria","DF","Lille","75","rare"
"964","Farès Chaïbi","Algeria","MF","Eintracht Frankfurt","75","rare"
"978","Gonzalo Montiel","Argentina","DF","River Plate","75","rare"
"1005","Stefan Posch","Austria","DF","Mainz 05","75","rare"
"1015","Philipp Lienhart","Austria","DF","SC Freiburg","75","rare"
"1055","David Ospina","Colombia","GK","Atlético Nacional","75","rare"
"1062","Johan Mojica","Colombia","DF","Mallorca","75","rare"
"1077","Jhon Córdoba","Colombia","FW","Krasnodar","75","rare"
"1117","Renato Veiga","Portugal","DF","Villarreal","75","rare"
"1128","Gonçalo Guedes","Portugal","FW","Real Sociedad","75","rare"
"1179","Kristijan Jakić","Croatia","MF","FC Augsburg","75","rare"
"1200","Jarell Quansah","England","DF","Bayer Leverkusen","75","rare"
"1206","Elliot Anderson","England","MF","Nottingham Forest","75","rare"
"4","Vladimír Coufal","Czech Republic","DF","TSG Hoffenheim","74","rare"
"15","Lukáš Provod","Czech Republic","MF","Slavia Prague","74","rare"
"31","César Montes","Mexico","DF","Lokomotiv Moscow","74","rare"
"37","Orbelín Pineda","Mexico","MF","AEK Athens","74","rare"
"50","Julián Quiñones","Mexico","FW","Al-Qadsiah","74","rare"
"101","Yang Hyun-jun","South Korea","MF","Celtic","74","rare"
"129","Haris Tabaković","Bosnia and Herzegovina","FW","Borussia Mönchengladbach","74","rare"
"145","Moïse Bombito","Canada","DF","Nice","74","rare"
"186","Silvan Widmer","Switzerland","DF","Mainz 05","74","rare"
"225","Douglas Santos","Brazil","DF","Zenit Saint Petersburg","74","rare"
"228","Endrick","Brazil","FW","Lyon","74","rare"
"250","Jean-Ricner Bellegarde","Haiti","MF","Wolverhampton Wanderers","74","rare"
"275","Azzedine Ounahi","Morocco","MF","Girona","74","rare"
"289","Angus Gunn","Scotland","GK","Nottingham Forest","74","rare"
"299","Aaron Hickey","Scotland","DF","Brentford","74","rare"
"303","Ryan Christie","Scotland","MF","Bournemouth","74","rare"
"346","Omar Alderete","Paraguay","DF","Sunderland","74","rare"
"355","Diego Gómez","Paraguay","MF","Brighton & Hove Albion","74","rare"
"369","Ersin Destanoğlu","Turkey","GK","Beşiktaş","74","rare"
"376","Ozan Kabak","Turkey","DF","TSG Hoffenheim","74","rare"
"378","Eren Elmalı","Turkey","DF","Galatasaray","74","rare"
"384","Kaan Ayhan","Turkey","MF","Galatasaray","74","rare"
"386","İsmail Yüksek","Turkey","MF","Fenerbahçe","74","rare"
"391","İrfan Can Kahveci","Turkey","FW","Kasımpaşa","74","rare"
"396","Oğuz Aydın","Turkey","FW","Fenerbahçe","74","rare"
"406","Auston Trusty","United States","DF","Celtic","74","rare"
"407","Giovanni Reyna","United States","MF","Borussia Mönchengladbach","74","rare"
"423","Joe Scally","United States","DF","Borussia Mönchengladbach","74","rare"
"444","Armando Obispo","Curaçao","DF","PSV Eindhoven","74","rare"
"465","Enner Valencia","Ecuador","FW","Pachuca","74","rare"
"490","Oliver Baumann","Germany","GK","TSG Hoffenheim","74","rare"
"492","Maximilian Beier","Germany","FW","Borussia Dortmund","74","rare"
"512","Emmanuel Agbadou","Ivory Coast","DF","Beşiktaş","74","rare"
"546","Tsuyoshi Watanabe","Japan","DF","Feyenoord","74","rare"
"575","Guus Til","Netherlands","MF","PSV Eindhoven","74","rare"
"576","Memphis Depay","Netherlands","FW","Corinthians","74","rare"
"590","Daniel Svensson","Sweden","DF","Borussia Dortmund","74","rare"
"597","Carl Starfelt","Sweden","DF","Celta Vigo","85","rare"
"598","Jesper Karlström","Sweden","MF","Udinese","74","rare"
"600","Yasin Ayari","Sweden","MF","Brighton & Hove Albion","74","rare"
"601","Mattias Svanberg","Sweden","MF","VfL Wolfsburg","74","rare"
"638","Thomas Meunier","Belgium","DF","Lille","74","rare"
"643","Brandon Mechele","Belgium","DF","Club Brugge","74","rare"
"779","Mohamed Kanno","Saudi Arabia","MF","Al-Hilal","74","rare"
"792","Marc Pubill","Spain","DF","Atlético Madrid","74","rare"
"819","Santiago Mele","Uruguay","GK","Monterrey","74","rare"
"821","Matías Viña","Uruguay","DF","River Plate","74","rare"
"823","Guillermo Varela","Uruguay","DF","Flamengo","74","rare"
"900","Patrick Berg","Norway","MF","Bodø/Glimt","74","rare"
"910","Marcus Holmgren Pedersen","Norway","DF","Torino","74","rare"
"912","Kristian Thorstvedt","Norway","MF","Sassuolo","74","rare"
"916","Oscar Bobb","Norway","MF","Fulham","74","rare"
"942","Ismaïla Sarr","Senegal","FW","Crystal Palace","74","rare"
"943","Iliman Ndiaye","Senegal","FW","Everton","74","rare"
"963","Hicham Boudaoui","Algeria","MF","Nice","74","rare"
"965","Houssem Aouar","Algeria","MF","Al-Ittihad","74","rare"
"966","Ibrahim Maza","Algeria","MF","Bayer Leverkusen","74","rare"
"991","Giuliano Simeone","Argentina","FW","Atlético Madrid","74","rare"
"1021","Patrick Wimmer","Austria","MF","VfL Wolfsburg","74","rare"
"1023","Marco Friedl","Austria","DF","Werder Bremen","74","rare"
"1059","Santiago Arias","Colombia","DF","Independiente","74","rare"
"1071","Kevin Castaño","Colombia","MF","River Plate","74","rare"
"1072","Jorge Carrascal","Colombia","MF","Flamengo","74","rare"
"1084","Chancel Mbemba","DR Congo","DF","Lille","74","rare"
"1181","Nikola Moro","Croatia","MF","Bologna","74","rare"
"1183","Ivan Perišić","Croatia","FW","PSV Eindhoven","74","rare"
"1214","Ivan Toney","England","FW","Al-Ahli","74","rare"
"1230","Abdul Fatawu","Ghana","MF","Leicester City","74","rare"
"5","Tomáš Holeš","Czech Republic","DF","Slavia Prague","73","rare"
"7","David Zima","Czech Republic","DF","Slavia Prague","73","rare"
"9","David Jurásek","Czech Republic","DF","Slavia Prague","73","rare"
"11","Robin Hranáč","Czech Republic","DF","TSG Hoffenheim","73","rare"
"17","Pavel Šulc","Czech Republic","MF","Lyon","73","rare"
"30","Jesús Gallardo","Mexico","DF","Toluca","73","rare"
"32","Jorge Sánchez","Mexico","DF","PAOK","73","rare"
"34","Israel Reyes","Mexico","DF","América","73","rare"
"38","Roberto Alvarado","Mexico","MF","Guadalajara","73","rare"
"39","Luis Romo","Mexico","MF","Guadalajara","73","rare"
"40","Luis Chávez","Mexico","MF","Dynamo Moscow","73","rare"
"47","Alexis Vega","Mexico","FW","Toluca","73","rare"
"104","Oh Hyeon-gyu","South Korea","FW","Beşiktaş","86","rare"
"131","Dayne St. Clair","Canada","GK","Inter Miami CF","73","rare"
"138","Ismaël Koné","Canada","MF","Sassuolo","73","rare"
"139","Cyle Larin","Canada","FW","Southampton","73","rare"
"147","Tajon Buchanan","Canada","MF","Villarreal","73","rare"
"203","Michel Aebischer","Switzerland","MF","Pisa","73","rare"
"234","Igor Thiago","Brazil","FW","Brentford","73","rare"
"260","Wilson Isidor","Haiti","FW","Sunderland","73","rare"
"269","Anass Salah-Eddine","Morocco","DF","PSV Eindhoven","73","rare"
"270","Chadi Riad","Morocco","DF","Crystal Palace","73","rare"
"272","Zakaria El Ouahdi","Morocco","DF","Genk","73","rare"
"278","Neil El Aynaoui","Morocco","MF","Roma","73","rare"
"282","Soufiane Rahimi","Morocco","FW","Al-Ain","73","rare"
"359","Maurício","Paraguay","MF","Palmeiras","73","rare"
"360","Antonio Sanabria","Paraguay","FW","Cremonese","73","rare"
"368","Altay Bayındır","Turkey","GK","Manchester United","73","rare"
"399","Can Uzun","Turkey","FW","Eintracht Frankfurt","73","rare"
"457","Jordy Alcívar","Ecuador","MF","Independiente del Valle","73","rare"
"498","Nadiem Amiri","Germany","MF","Mainz 05","73","rare"
"529","Elye Wahi","Ivory Coast","FW","Nice","73","rare"
"531","Zion Suzuki","Japan","GK","Parma","73","rare"
"532","Yukinari Sugawara","Japan","DF","Werder Bremen","73","rare"
"547","Yuito Suzuki","Japan","FW","SC Freiburg","73","rare"
"554","Kaishū Sano","Japan","MF","Mainz 05","73","rare"
"577","Wout Weghorst","Netherlands","FW","Ajax","73","rare"
"584","Gustaf Lagerbielke","Sweden","DF","Braga","73","rare"
"607","Gustaf Nilsson","Sweden","FW","Club Brugge","73","rare"
"614","Ali Abdi","Tunisia","DF","Nice","73","rare"
"652","Nicolas Raskin","Belgium","MF","Rangers","42","rare"
"675","Emam Ashour","Egypt","MF","Al Ahly","73","rare"
"768","Saud Abdulhamid","Saudi Arabia","DF","Lens","73","rare"
"780","Nasser Al-Dawsari","Saudi Arabia","MF","Al-Hilal","73","rare"
"834","Brian Rodríguez","Uruguay","MF","América","73","rare"
"896","Morten Thorsby","Norway","MF","Cremonese","73","rare"
"899","David Møller Wolfe","Norway","DF","Wolverhampton Wanderers","73","rare"
"911","Torbjørn Heggem","Norway","DF","Bologna","73","rare"
"938","Pathé Ciss","Senegal","MF","Rayo Vallecano","73","rare"
"1011","Michael Gregoritsch","Austria","FW","FC Augsburg","73","rare"
"1018","Romano Schmid","Austria","MF","Werder Bremen","73","rare"
"1022","Alexander Prass","Austria","DF","TSG Hoffenheim","73","rare"
"1057","Álvaro Montero","Colombia","GK","Vélez Sarsfield","73","rare"
"1068","Juan Fernando Quintero","Colombia","MF","River Plate","73","rare"
"1154","Eldor Shomurodov","Uzbekistan","FW","İstanbul Başakşehir","73","rare"
"1159","Abbosbek Fayzullaev","Uzbekistan","FW","İstanbul Başakşehir","73","rare"
"1171","Martin Erlić","Croatia","DF","Midtjylland","73","rare"
"1188","Igor Matanović","Croatia","FW","SC Freiburg","73","rare"
"1236","Jordan Ayew","Ghana","FW","Leicester City","73","rare"
"2","Jindřich Staněk","Czech Republic","GK","Slavia Prague","72","rare"
"16","Michal Sadílek","Czech Republic","MF","Slavia Prague","72","rare"
"24","Jan Kuchta","Czech Republic","FW","Sparta Prague","72","rare"
"27","Guillermo Ochoa","Mexico","GK","AEL Limassol","72","rare"
"41","Érik Lira","Mexico","MF","Cruz Azul","72","rare"
"49","César Huerta","Mexico","FW","Anderlecht","72","rare"
"67","Teboho Mokoena","South Africa","MF","Mamelodi Sundowns","72","rare"
"84","Seol Young-woo","South Korea","DF","Red Star Belgrade","72","rare"
"88","Lee Han-beom","South Korea","DF","Midtjylland","72","rare"
"96","Paik Seung-ho","South Korea","MF","Birmingham City","72","rare"
"105","Nikola Vasilj","Bosnia and Herzegovina","GK","FC St. Pauli","72","rare"
"121","Esmir Bajraktarević","Bosnia and Herzegovina","MF","PSV Eindhoven","72","rare"
"126","Edin Džeko","Bosnia and Herzegovina","FW","Schalke 04","72","rare"
"142","Tani Oluwaseyi","Canada","FW","Villarreal","72","rare"
"143","Derek Cornelius","Canada","DF","Rangers","72","rare"
"178","Almoez Ali","Qatar","FW","Al-Duhail","72","rare"
"185","Miro Muheim","Switzerland","DF","Hamburger SV","72","rare"
"192","Johan Manzambi","Switzerland","MF","SC Freiburg","72","rare"
"202","Noah Okafor","Switzerland","FW","Leeds United","72","rare"
"205","Fabian Rieder","Switzerland","MF","FC Augsburg","72","rare"
"211","Wesley","Brazil","DF","Roma","72","rare"
"215","Alex Sandro","Brazil","DF","Flamengo","72","rare"
"219","Neymar","Brazil","FW","Santos","72","rare"
"227","Danilo Santos","Brazil","MF","Botafogo","72","rare"
"235","Rayan","Brazil","FW","Bournemouth","72","rare"
"316","Alessandro Circati","Australia","DF","Parma","72","rare"
"332","Harry Souttar","Australia","DF","Leicester City","72","rare"
"340","Gatito Fernández","Paraguay","GK","Cerro Porteño","72","rare"
"352","Kaku","Paraguay","MF","Al-Ain","72","rare"
"353","Andrés Cubas","Paraguay","MF","Vancouver Whitecaps FC","72","rare"
"356","Damián Bobadilla","Paraguay","MF","São Paulo","72","rare"
"361","Julio Enciso","Paraguay","FW","Strasbourg","72","rare"
"412","Miles Robinson","United States","DF","FC Cincinnati","72","rare"
"419","Haji Wright","United States","FW","Coventry City","72","rare"
"422","Mark McKenzie","United States","DF","Toulouse","72","rare"
"426","Alejandro Zendejas","United States","FW","América","72","rare"
"449","Riechedly Bazoer","Curaçao","DF","Konyaspor","72","rare"
"453","Hernán Galíndez","Ecuador","GK","Huracán","72","rare"
"462","Kendry Páez","Ecuador","MF","River Plate","72","rare"
"463","Kevin Rodríguez","Ecuador","FW","Union Saint-Gilloise","72","rare"
"469","Ángelo Preciado","Ecuador","DF","Atlético Mineiro","72","rare"
"489","Nick Woltemade","Germany","FW","Newcastle United","72","rare"
"496","Nathaniel Brown","Germany","DF","Eintracht Frankfurt","72","rare"
"522","Nicolas Pépé","Ivory Coast","FW","Villarreal","72","rare"
"525","Evann Guessand","Ivory Coast","FW","Crystal Palace","72","rare"
"587","Gabriel Gudmundsson","Sweden","DF","Leeds United","72","rare"
"592","Benjamin Nygren","Sweden","FW","Celtic","72","rare"
"612","Montassar Talbi","Tunisia","DF","Lorient","72","rare"
"627","Rani Khedira","Tunisia","MF","Union Berlin","72","rare"
"644","Koni De Winter","Belgium","DF","Milan","72","rare"
"646","Nathan Ngoy","Belgium","DF","Lille","72","rare"
"661","Mohamed El Shenawy","Egypt","GK","Al Ahly","72","rare"
"687","Alireza Beiranvand","Iran","GK","Tractor","72","rare"
"754","Telmo Arcanjo","Cape Verde","MF","Vitória de Guimarães","72","rare"
"769","Hassan Al-Tambakti","Saudi Arabia","DF","Al-Hilal","72","rare"
"803","Joan Garcia","Spain","GK","Barcelona","72","rare"
"816","Borja Iglesias","Spain","FW","Celta Vigo","72","rare"
"827","Santiago Bueno","Uruguay","DF","Wolverhampton Wanderers","72","rare"
"831","Facundo Pellistri","Uruguay","MF","Panathinaikos","72","rare"
"837","Emiliano Martínez","Uruguay","MF","Palmeiras","72","rare"
"893","Ali Al-Hamadi","Iraq","FW","Luton Town","72","rare"
"923","Yehvann Diouf","Senegal","GK","Nice","72","rare"
"929","El Hadji Malick Diouf","Senegal","DF","West Ham United","72","rare"
"939","Habib Diarra","Senegal","MF","Sunderland","72","rare"
"961","Nabil Bentaleb","Algeria","MF","Lille","72","rare"
"995","José Manuel López","Argentina","FW","Palmeiras","72","rare"
"1001","Alexander Schlager","Austria","GK","Red Bull Salzburg","72","rare"
"1010","Florian Grillitsch","Austria","MF","Braga","72","rare"
"1017","Carney Chukwuemeka","Austria","MF","Borussia Dortmund","72","rare"
"1066","James Rodríguez","Colombia","MF","Minnesota United FC","72","rare"
"1100","Cédric Bakambu","DR Congo","FW","Real Betis","72","rare"
"1165","Ivor Pandur","Croatia","GK","Hull City","72","rare"
"1187","Petar Musa","Croatia","FW","FC Dallas","72","rare"
"1198","Djed Spence","England","DF","Tottenham Hotspur","72","rare"
"1201","Jordan Henderson","England","MF","Brentford","72","rare"
"1222","Alexander Djiku","Ghana","DF","Spartak Moscow","72","rare"
"1223","Alidu Seidu","Ghana","DF","Rennes","72","rare"
"1239","Ernest Nuamah","Ghana","FW","Lyon","72","rare"
"1248","Michael Amir Murillo","Panama","DF","Beşiktaş","72","rare"
"26","Tomáš Chorý","Czech Republic","FW","Slavia Prague","71","rare"
"29","Carlos Acevedo","Mexico","GK","Santos Laguna","71","rare"
"80","Jo Hyeon-woo","South Korea","GK","Ulsan HD","71","rare"
"89","Jens Castrop","South Korea","DF","Borussia Mönchengladbach","71","rare"
"99","Bae Jun-ho","South Korea","MF","Stoke City","71","rare"
"103","Cho Gue-sung","South Korea","FW","Midtjylland","71","rare"
"146","Maxime Crépeau","Canada","GK","Orlando City SC","71","rare"
"154","Promise David","Canada","FW","Union Saint-Gilloise","71","rare"
"206","Zeki Amdouni","Switzerland","FW","Burnley","71","rare"
"294","Scott McKenna","Scotland","DF","Dinamo Zagreb","71","rare"
"379","Samet Akaydin","Turkey","DF","Çaykur Rizespor","71","rare"
"549","Kōki Ogawa","Japan","FW","NEC","71","rare"
"555","Junnosuke Suzuki","Japan","DF","Copenhagen","71","rare"
"613","Dylan Bronn","Tunisia","DF","Servette","71","rare"
"645","Joaquin Seys","Belgium","DF","Club Brugge","71","rare"
"681","Trézéguet","Egypt","FW","Al Ahly","71","rare"
"770","Abdulelah Al-Amri","Saudi Arabia","DF","Al-Nassr","71","rare"
"772","Ali Lajami","Saudi Arabia","DF","Al-Hilal","71","rare"
"788","Saleh Al-Shehri","Saudi Arabia","FW","Al-Ittihad","71","rare"
"836","Agustín Canobbio","Uruguay","MF","Fluminense","71","rare"
"838","Rodrigo Zalazar","Uruguay","MF","Braga","71","rare"
"913","Thelo Aasgaard","Norway","MF","Rangers","71","rare"
"917","Jens Petter Hauge","Norway","MF","Bodø/Glimt","71","rare"
"931","Antoine Mendy","Senegal","DF","Nice","71","rare"
"962","Ramiz Zerrouki","Algeria","MF","Twente","71","rare"
"1016","Phillipp Mwene","Austria","DF","Mainz 05","71","rare"
"1065","Willer Ditta","Colombia","DF","Cruz Azul","71","rare"
"1226","Abdul Mumin","Ghana","DF","Rayo Vallecano","71","rare"
"10","David Douděra","Czech Republic","DF","Slavia Prague","70","rare"
"25","Mojmír Chytil","Czech Republic","FW","Slavia Prague","70","rare"
"28","Raúl Rangel","Mexico","GK","Guadalajara","70","rare"
"35","Mateo Chávez","Mexico","DF","AZ","70","rare"
"55","Sipho Chaine","South Africa","GK","Orlando Pirates","70","rare"
"71","Themba Zwane","South Africa","FW","Mamelodi Sundowns","70","rare"
"72","Lyle Foster","South Africa","FW","Burnley","70","rare"
"79","Kim Seung-gyu","South Korea","GK","FC Tokyo","70","rare"
"85","Lee Tae-seok","South Korea","DF","Austria Wien","70","rare"
"100","Eom Ji-sung","South Korea","MF","Swansea City","70","rare"
"109","Dennis Hadžikadunić","Bosnia and Herzegovina","DF","Sampdoria","70","rare"
"112","Tarik Muharemović","Bosnia and Herzegovina","DF","Sassuolo","70","rare"
"116","Amir Hadžiahmetović","Bosnia and Herzegovina","MF","Hull City","70","rare"
"136","Mathieu Choinière","Canada","MF","Los Angeles FC","70","rare"
"141","Liam Millar","Canada","MF","Hull City","70","rare"
"151","Jonathan Osorio","Canada","MF","Toronto FC","70","rare"
"195","Yvon Mvogo","Switzerland","GK","Lorient","70","rare"
"199","Christian Fassnacht","Switzerland","MF","Young Boys","70","rare"
"207","Aurèle Amenda","Switzerland","DF","Eintracht Frankfurt","70","rare"
"268","Youssef Belammari","Morocco","DF","Al Ahly","70","rare"
"295","Jack Hendry","Scotland","DF","Al-Ettifaq","70","rare"
"296","Nathan Patterson","Scotland","DF","Everton","70","rare"
"304","Kenny McLean","Scotland","MF","Norwich City","70","rare"
"311","Lawrence Shankland","Scotland","FW","Heart of Midlothian","56","rare"
"314","Mathew Ryan","Australia","GK","Levante","70","rare"
"318","Jordan Bos","Australia","DF","Feyenoord","70","rare"
"335","Jackson Irvine","Australia","MF","FC St. Pauli","70","rare"
"357","Braian Ojeda","Paraguay","MF","Orlando City SC","70","rare"
"358","Matías Galarza","Paraguay","MF","Atlanta United FC","70","rare"
"382","Ahmetcan Kaplan","Turkey","DF","NEC","70","rare"
"397","Deniz Gül","Turkey","FW","Porto","70","rare"
"401","Matt Turner","United States","GK","New England Revolution","70","rare"
"446","Joshua Brenet","Curaçao","DF","Kayserispor","70","rare"
"506","Alban Lafont","Ivory Coast","GK","Panathinaikos","70","rare"
"523","Oumar Diakité","Ivory Coast","FW","Cercle Brugge","70","rare"
"527","Yan Diomande","Ivory Coast","FW","RB Leipzig","70","rare"
"550","Ayumu Seko","Japan","DF","Le Havre","70","rare"
"559","Robin Roefs","Netherlands","GK","Sunderland","70","rare"
"583","Jacob Widell Zetterström","Sweden","GK","Derby County","70","rare"
"596","Hjalmar Ekdal","Sweden","DF","Burnley","70","rare"
"604","Besfort Zeneli","Sweden","MF","Union Saint-Gilloise","70","rare"
"666","Ramy Rabia","Egypt","DF","Al-Ain","70","rare"
"670","Yasser Ibrahim","Egypt","DF","Al Ahly","70","rare"
"682","Zizo","Egypt","FW","Al Ahly","70","rare"
"699","Saeid Ezatolahi","Iran","MF","Shabab Al-Ahli","70","rare"
"747","Steven Moreira","Cape Verde","DF","Columbus Crew","70","rare"
"765","Mohammed Al-Owais","Saudi Arabia","GK","Al-Ula","70","rare"
"815","Víctor Muñoz","Spain","FW","Osasuna","70","rare"
"817","Fernando Muslera","Uruguay","GK","Estudiantes","70","rare"
"909","Fredrik André Bjørkan","Norway","DF","Bodø/Glimt","70","rare"
"932","Ilay Camara","Senegal","DF","Anderlecht","70","rare"
"1014","Saša Kalajdžić","Austria","FW","LASK","70","rare"
"1064","Deiver Machado","Colombia","DF","Nantes","70","rare"
"1094","Charles Pickel","DR Congo","MF","Espanyol","70","rare"
"1106","Simon Banza","DR Congo","FW","Al-Jazira","70","rare"
"1191","James Trafford","England","GK","Manchester City","70","rare"
"1220","Abdul Rahman Baba","Ghana","DF","PAOK","70","rare"
"1259","Adalberto Carrasquilla","Panama","MF","UNAM","70","rare"
"57","Khuliso Mudau","South Africa","DF","Mamelodi Sundowns","69","common"
"74","Oswin Appollis","South Africa","FW","Orlando Pirates","69","common"
"75","Iqraam Rayners","South Africa","FW","Mamelodi Sundowns","69","common"
"87","Kim Tae-hyeon","South Korea","DF","Kashima Antlers","69","common"
"144","Jacob Shaffelburg","Canada","MF","Los Angeles FC","69","common"
"208","Luca Jaquez","Switzerland","DF","VfB Stuttgart","69","common"
"298","John Souttar","Scotland","DF","Rangers","69","common"
"364","Isidro Pitta","Paraguay","FW","Red Bull Bragantino","69","common"
"413","Tim Ream","United States","DF","Charlotte FC","69","common"
"466","Alan Minda","Ecuador","MF","Atlético Mineiro","69","common"
"615","Yan Valery","Tunisia","DF","Young Boys","69","common"
"660","Matias Fernandez-Pardo","Belgium","FW","Lille","69","common"
"667","Mohamed Hany","Egypt","DF","Al Ahly","69","common"
"698","Alireza Jahanbakhsh","Iran","MF","Dender","69","common"
"704","Mehdi Ghayedi","Iran","MF","Al-Nasr","69","common"
"766","Nawaf Al-Aqidi","Saudi Arabia","GK","Al-Nassr","69","common"
"771","Nawaf Boushal","Saudi Arabia","DF","Al-Nassr","69","common"
"773","Ali Majrashi","Saudi Arabia","DF","Al-Ahli","69","common"
"787","Firas Al-Buraikan","Saudi Arabia","FW","Al-Ahli","69","common"
"1075","Gustavo Puerta","Colombia","MF","Racing Santander","69","common"
"1103","Fiston Mayele","DR Congo","FW","Pyramids","69","common"
"8","Jaroslav Zelený","Czech Republic","DF","Sparta Prague","68","common"
"18","Lukáš Červ","Czech Republic","MF","Viktoria Plzeň","68","common"
"19","Hugo Sochůrek","Czech Republic","MF","Sparta Prague","68","common"
"21","Denis Višinský","Czech Republic","MF","Viktoria Plzeň","68","common"
"56","Aubrey Modiba","South Africa","DF","Mamelodi Sundowns","68","common"
"76","Relebohile Mofokeng","South Africa","FW","Orlando Pirates","68","common"
"81","Song Bum-keun","South Korea","GK","Jeonbuk Hyundai Motors","68","common"
"86","Park Jin-seob","South Korea","DF","Zhejiang","68","common"
"98","Lee Dong-gyeong","South Korea","MF","Ulsan HD","68","common"
"111","Nikola Katić","Bosnia and Herzegovina","DF","Schalke 04","68","common"
"115","Nidal Čelik","Bosnia and Herzegovina","DF","Lens","68","common"
"117","Benjamin Tahirović","Bosnia and Herzegovina","MF","Brøndby","68","common"
"123","Ivan Šunjić","Bosnia and Herzegovina","MF","Pafos","68","common"
"135","Joel Waterman","Canada","DF","Chicago Fire FC","68","common"
"152","Richie Laryea","Canada","DF","Toronto FC","68","common"
"156","Meshaal Barsham","Qatar","GK","Al-Sadd","68","common"
"179","Mohammed Muntari","Qatar","FW","Al-Gharafa","68","common"
"201","Eray Cömert","Switzerland","DF","Valencia","68","common"
"240","Carlens Arcus","Haiti","DF","Angers","68","common"
"245","Hannes Delcroix","Haiti","DF","Lugano","68","common"
"279","Samir El Mourabet","Morocco","MF","Strasbourg","68","common"
"288","Craig Gordon","Scotland","GK","Heart of Midlothian","68","common"
"290","Liam Kelly","Scotland","GK","Rangers","68","common"
"297","Anthony Ralston","Scotland","DF","Celtic","87","common"
"321","Connor Metcalfe","Australia","MF","FC St. Pauli","68","common"
"333","Cristian Volpato","Australia","FW","Sassuolo","68","common"
"347","Juan José Cáceres","Paraguay","DF","Dynamo Moscow","68","common"
"362","Gabriel Ávalos","Paraguay","FW","Independiente","68","common"
"380","Yusuf Akçiçek","Turkey","DF","Al-Hilal","68","common"
"381","Mustafa Eskihellaç","Turkey","DF","Trabzonspor","68","common"
"398","Yusuf Sarı","Turkey","FW","İstanbul Başakşehir","68","common"
"415","Cristian Roldan","United States","MF","Seattle Sounders FC","68","common"
"460","Denil Castillo","Ecuador","MF","Midtjylland","68","common"
"461","John Yeboah","Ecuador","MF","Venezia","68","common"
"468","Anthony Valencia","Ecuador","FW","Antwerp","68","common"
"472","Nilson Angulo","Ecuador","FW","Sunderland","68","common"
"513","Guéla Doué","Ivory Coast","DF","Strasbourg","68","common"
"533","Shōgo Taniguchi","Japan","DF","Sint-Truiden","68","common"
"556","Kento Shiogai","Japan","FW","VfL Wolfsburg","68","common"
"594","Viktor Johansson","Sweden","GK","Stoke City","68","common"
"602","Eric Smith","Sweden","DF","FC St. Pauli","68","common"
"665","Hamdy Fathy","Egypt","DF","Al-Wakrah","68","common"
"668","Ahmed Fatouh","Egypt","DF","Zamalek","68","common"
"674","Marwan Attia","Egypt","MF","Al Ahly","68","common"
"688","Payam Niazmand","Iran","GK","Persepolis","68","common"
"691","Milad Mohammadi","Iran","DF","Persepolis","68","common"
"693","Hossein Kanaanizadegan","Iran","DF","Persepolis","68","common"
"700","Saman Ghoddos","Iran","MF","Kalba","68","common"
"716","Tyler Bindon","New Zealand","DF","Sheffield United","68","common"
"744","João Paulo","Cape Verde","DF","FCSB","68","common"
"760","Jovane Cabral","Cape Verde","FW","Estrela Amadora","68","common"
"774","Hassan Kadesh","Saudi Arabia","DF","Al-Ittihad","68","common"
"775","Moteb Al-Harbi","Saudi Arabia","DF","Al-Hilal","68","common"
"789","Abdullah Al-Hamdan","Saudi Arabia","FW","Al-Nassr","68","common"
"865","Robin Risser","France","GK","Lens","68","common"
"885","Zidane Iqbal","Iraq","MF","Utrecht","68","common"
"906","Sander Tangvik","Norway","GK","Hamburger SV","68","common"
"930","Mamadou Sarr","Senegal","DF","Chelsea","68","common"
"940","Bara Sapoko Ndiaye","Senegal","MF","Bayern Munich","68","common"
"946","Cherif Ndiaye","Senegal","FW","Samsunspor","68","common"
"956","Jaouen Hadjam","Algeria","DF","Young Boys","68","common"
"982","Valentín Barco","Argentina","MF","Strasbourg","68","common"
"1007","Marko Arnautović","Austria","FW","Red Star Belgrade","68","common"
"1013","Patrick Pentz","Austria","GK","Brøndby","68","common"
"1073","Jaminton Campaz","Colombia","MF","Rosario Central","68","common"
"1080","Andrés Gómez","Colombia","FW","Vasco da Gama","68","common"
"1085","Arthur Masuaku","DR Congo","DF","Lens","68","common"
"1089","Axel Tuanzebe","DR Congo","DF","Burnley","68","common"
"1098","Ngal'ayel Mukau","DR Congo","MF","Lille","68","common"
"1101","Meschak Elia","DR Congo","FW","Alanyaspor","68","common"
"1102","Théo Bongonda","DR Congo","FW","Spartak Moscow","68","common"
"1156","Jaloliddin Masharipov","Uzbekistan","FW","Esteghlal","68","common"
"1172","Luka Vušković","Croatia","DF","Hamburger SV","68","common"
"1186","Marco Pašalić","Croatia","FW","Orlando City SC","68","common"
"1221","Gideon Mensah","Ghana","DF","Auxerre","68","common"
"1224","Jerome Opoku","Ghana","DF","İstanbul Başakşehir","68","common"
"1232","Elisha Owusu","Ghana","MF","Auxerre","68","common"
"1235","Augustine Boakye","Ghana","MF","Saint-Étienne","68","common"
"1250","Andrés Andrade","Panama","DF","LASK","68","common"
"1252","José Córdoba","Panama","DF","Norwich City","68","common"
"12","Štěpán Chaloupek","Czech Republic","DF","Slavia Prague","67","common"
"43","Brian Gutiérrez","Mexico","MF","Guadalajara","67","common"
"58","Nkosinathi Sibisi","South Africa","DF","Orlando Pirates","67","common"
"69","Thalente Mbatha","South Africa","MF","Orlando Pirates","67","common"
"73","Evidence Makgopa","South Africa","FW","Orlando Pirates","67","common"
"83","Kim Moon-hwan","South Korea","DF","Daejeon Hana Citizen","67","common"
"118","Armin Gigović","Bosnia and Herzegovina","MF","Young Boys","67","common"
"124","Kerim Alajbegović","Bosnia and Herzegovina","MF","Red Bull Salzburg","67","common"
"134","Alfie Jones","Canada","DF","Middlesbrough","67","common"
"160","Boualem Khoukhi","Qatar","DF","Al-Sadd","67","common"
"176","Hassan Al-Haydos","Qatar","FW","Al-Sadd","67","common"
"209","Cedric Itten","Switzerland","FW","Fortuna Düsseldorf","67","common"
"246","Keeto Thermoncy","Haiti","DF","Young Boys","67","common"
"264","Ahmed Reda Tagnaouti","Morocco","GK","AS FAR","67","common"
"313","Ross Stewart","Scotland","FW","Southampton","67","common"
"329","Aziz Behich","Australia","DF","Melbourne City","67","common"
"349","José Canale","Paraguay","DF","Lanús","67","common"
"350","Alexandro Maidana","Paraguay","DF","Talleres","67","common"
"363","Álex Arce","Paraguay","FW","Independiente Rivadavia","67","common"
"370","Muhammed Şengezer","Turkey","GK","İstanbul Başakşehir","67","common"
"470","Jordy Caicedo","Ecuador","FW","Huracán","67","common"
"476","Yaimar Medina","Ecuador","MF","Genk","67","common"
"477","Jackson Porozo","Ecuador","DF","Tijuana","67","common"
"528","Bazoumana Touré","Ivory Coast","FW","TSG Hoffenheim","67","common"
"664","El Mahdy Soliman","Egypt","GK","Zamalek","67","common"
"671","Hossam Abdelmaguid","Egypt","DF","Zamalek","67","common"
"672","Karim Hafez","Egypt","DF","Pyramids","67","common"
"676","Mohanad Lasheen","Egypt","MF","Pyramids","67","common"
"689","Hossein Hosseini","Iran","GK","Sepahan","67","common"
"690","Ehsan Hajsafi","Iran","DF","Sepahan","67","common"
"703","Mohammad Mohebi","Iran","MF","Rostov","67","common"
"718","Joe Bell","New Zealand","MF","Viking","67","common"
"720","Marko Stamenić","New Zealand","MF","Swansea City","67","common"
"748","Wagner Pina","Cape Verde","DF","Trabzonspor","67","common"
"752","Kevin Pina","Cape Verde","MF","Krasnodar","67","common"
"764","Nuno da Costa","Cape Verde","FW","İstanbul Başakşehir","67","common"
"767","Ahmed Al-Kassar","Saudi Arabia","GK","Al-Qadsiah","67","common"
"776","Jehad Thakri","Saudi Arabia","DF","Al-Qadsiah","67","common"
"777","Mohammed Abu Al-Shamat","Saudi Arabia","DF","Al-Qadsiah","67","common"
"790","Khalid Al-Ghannam","Saudi Arabia","FW","Al-Ettifaq","67","common"
"842","Rodrigo Aguirre","Uruguay","FW","UANL","67","common"
"886","Marko Farji","Iraq","MF","Venezia","67","common"
"918","Sondre Langås","Norway","DF","Derby County","67","common"
"948","Assane Diao","Senegal","FW","Como","67","common"
"1074","Juan Portilla","Colombia","MF","Athletico Paranaense","67","common"
"1087","Joris Kayembe","DR Congo","DF","Genk","67","common"
"1096","Noah Sadiki","DR Congo","MF","Sunderland","67","common"
"1146","Otabek Shukurov","Uzbekistan","MF","Baniyas","67","common"
"1155","Igor Sergeev","Uzbekistan","FW","Persepolis","67","common"
"1157","Oston Urunov","Uzbekistan","FW","Persepolis","67","common"
"1199","Nico O'Reilly","England","DF","Manchester City","67","common"
"1244","Orlando Mosquera","Panama","GK","Al-Fayha","67","common"
"3","Lukáš Horníček","Czech Republic","GK","Braga","66","common"
"20","Alexandr Sojka","Czech Republic","MF","Viktoria Plzeň","66","common"
"51","Guillermo Martínez","Mexico","FW","UNAM","66","common"
"70","Jayden Adams","South Africa","MF","Mamelodi Sundowns","66","common"
"90","Lee Ki-hyuk","South Korea","DF","Gangwon FC","66","common"
"91","Cho Wi-je","South Korea","DF","Jeonbuk Hyundai Motors","66","common"
"97","Kim Jin-gyu","South Korea","MF","Jeonbuk Hyundai Motors","66","common"
"119","Dženis Burnić","Bosnia and Herzegovina","MF","Karlsruher SC","66","common"
"128","Samed Baždar","Bosnia and Herzegovina","FW","Jagiellonia Białystok","66","common"
"161","Pedro Miguel","Qatar","DF","Al-Sadd","66","common"
"169","Abdulaziz Hatem","Qatar","MF","Al-Rayyan","66","common"
"180","Ahmed Alaaeldin","Qatar","FW","Al-Rayyan","66","common"
"239","Ricardo Adé","Haiti","DF","LDU Quito","66","common"
"242","Jean-Kévin Duverne","Haiti","DF","Gent","66","common"
"248","Danley Jean Jacques","Haiti","MF","Philadelphia Union","66","common"
"255","Derrick Etienne Jr.","Haiti","FW","Toronto FC","66","common"
"273","Redouane Halhal","Morocco","DF","Mechelen","66","common"
"292","Grant Hanley","Scotland","DF","Hibernian","66","common"
"309","Lyndon Dykes","Scotland","FW","Charlton Athletic","66","common"
"312","George Hirst","Scotland","FW","Ipswich Town","66","common"
"315","Miloš Degenek","Australia","DF","APOEL","66","common"
"330","Nestory Irankunda","Australia","FW","Watford","66","common"
"348","Gustavo Velázquez","Paraguay","DF","Cerro Porteño","66","common"
"389","Demir Ege Tıknaz","Turkey","MF","Braga","66","common"
"400","Aral Şimşir","Turkey","FW","Midtjylland","66","common"
"416","Alex Freeman","United States","DF","Villarreal","66","common"
"438","Sontje Hansen","Curaçao","FW","Middlesbrough","66","common"
"450","Deveron Fonville","Curaçao","DF","NEC","66","common"
"467","Pedro Vite","Ecuador","MF","UNAM","66","common"
"515","Christopher Opéri","Ivory Coast","DF","İstanbul Başakşehir","66","common"
"542","Keisuke Ōsako","Japan","GK","Sanfrecce Hiroshima","66","common"
"595","Ken Sema","Sweden","FW","Pafos","66","common"
"609","Aymen Dahmen","Tunisia","GK","CS Sfaxien","66","common"
"622","Hannibal Mejbri","Tunisia","MF","Burnley","66","common"
"628","Elias Achouri","Tunisia","FW","Copenhagen","66","common"
"631","Elias Saad","Tunisia","FW","Hannover 96","66","common"
"636","Senne Lammens","Belgium","GK","Manchester United","66","common"
"659","Diego Moreira","Belgium","FW","Strasbourg","66","common"
"662","Mostafa Shobeir","Egypt","GK","Al Ahly","66","common"
"679","Mostafa Ziko","Egypt","MF","Pyramids","66","common"
"684","Ibrahim Adel","Egypt","FW","Nordsjælland","66","common"
"692","Ramin Rezaeian","Iran","DF","Foolad","66","common"
"694","Shojae Khalilzadeh","Iran","DF","Tractor","66","common"
"701","Mehdi Torabi","Iran","MF","Tractor","66","common"
"709","Shahriyar Moghanlou","Iran","FW","Kalba","66","common"
"711","Ali Alipour","Iran","FW","Persepolis","66","common"
"725","Liberato Cacace","New Zealand","DF","Wrexham","66","common"
"735","Ryan Thomas","New Zealand","MF","PEC Zwolle","66","common"
"749","Sidny Lopes Cabral","Cape Verde","DF","Benfica","66","common"
"751","Jamiro Monteiro","Cape Verde","MF","PEC Zwolle","66","common"
"753","Deroy Duarte","Cape Verde","MF","Ludogorets Razgrad","66","common"
"783","Ayman Yahya","Saudi Arabia","MF","Al-Nassr","66","common"
"839","Juan Manuel Sanabria","Uruguay","MF","Real Salt Lake","66","common"
"841","Federico Viñas","Uruguay","FW","Oviedo","66","common"
"883","Ali Jasim","Iraq","MF","Al-Najma","66","common"
"907","Egil Selvik","Norway","GK","Watford","66","common"
"922","Mory Diaw","Senegal","GK","Le Havre","66","common"
"928","Abdoulaye Seck","Senegal","DF","Maccabi Haifa","66","common"
"945","Bamba Dieng","Senegal","FW","Lorient","66","common"
"947","Ibrahim Mbaye","Senegal","FW","Paris Saint-Germain","66","common"
"972","Adil Boulbina","Algeria","FW","Al-Duhail","66","common"
"1025","Michael Svoboda","Austria","DF","Venezia","66","common"
"1052","Odeh Al-Fakhouri","Jordan","FW","Pyramids","66","common"
"1105","Nathanaël Mbuku","DR Congo","FW","Montpellier","66","common"
"1182","Toni Fruk","Croatia","MF","Rijeka","66","common"
"1240","Christopher Bonsu Baah","Ghana","FW","Al-Qadsiah","66","common"
"1241","Brandon Thomas-Asante","Ghana","FW","Coventry City","66","common"
"1251","César Blackman","Panama","DF","Slovan Bratislava","66","common"
"1256","Aníbal Godoy","Panama","MF","San Diego FC","66","common"
"1260","José Luis Rodríguez","Panama","MF","Juárez","66","common"
"1266","Ismael Díaz","Panama","FW","León","66","common"
"59","Mbekezeli Mbokazi","South Africa","DF","Chicago Fire FC","65","common"
"68","Sphephelo Sithole","South Africa","MF","Tondela","65","common"
"113","Nihad Mujakić","Bosnia and Herzegovina","DF","Gaziantep","65","common"
"122","Amar Memić","Bosnia and Herzegovina","MF","Viktoria Plzeň","65","common"
"170","Karim Boudiaf","Qatar","MF","Al-Duhail","65","common"
"171","Assim Madibo","Qatar","MF","Al-Wakrah","65","common"
"182","Edmilson Junior","Qatar","FW","Al-Duhail","65","common"
"254","Frantzdy Pierrot","Haiti","FW","Çaykur Rizespor","65","common"
"256","Louicius Deedson","Haiti","FW","FC Dallas","65","common"
"263","Munir Mohamedi","Morocco","GK","RS Berkane","65","common"
"320","Mathew Leckie","Australia","FW","Melbourne City","65","common"
"323","Ajdin Hrustic","Australia","MF","Heracles Almelo","65","common"
"334","Cameron Burgess","Australia","DF","Swansea City","65","common"
"342","Gastón Olveira","Paraguay","GK","Olimpia","65","common"
"478","Jeremy Arévalo","Ecuador","FW","VfB Stuttgart","65","common"
"535","Yūto Nagatomo","Japan","DF","FC Tokyo","65","common"
"539","Keisuke Gotō","Japan","FW","Sint-Truiden","65","common"
"588","Herman Johansson","Sweden","DF","FC Dallas","65","common"
"605","Kristoffer Nordfeldt","Sweden","GK","AIK","65","common"
"616","Mohamed Amine Ben Hamida","Tunisia","DF","Espérance de Tunis","65","common"
"619","Adem Arous","Tunisia","DF","Kasımpaşa","65","common"
"623","Anis Ben Slimane","Tunisia","MF","Norwich City","65","common"
"625","Ismaël Gharbi","Tunisia","MF","FC Augsburg","65","common"
"705","Mohammad Ghorbani","Iran","MF","Al-Wahda","65","common"
"712","Dennis Eckert","Iran","FW","Standard Liège","65","common"
"713","Max Crocombe","New Zealand","GK","Millwall","65","common"
"717","Michael Boxall","New Zealand","DF","Minnesota United FC","65","common"
"719","Matthew Garbett","New Zealand","MF","Peterborough United","65","common"
"731","Ben Old","New Zealand","MF","Saint-Étienne","65","common"
"739","Vozinha","Cape Verde","GK","Chaves","65","common"
"759","Willy Semedo","Cape Verde","FW","Omonia","65","common"
"781","Abdullah Al-Khaibari","Saudi Arabia","MF","Al-Nassr","65","common"
"785","Sultan Mandash","Saudi Arabia","MF","Al-Hilal","65","common"
"874","Merchas Doski","Iraq","DF","Viktoria Plzeň","65","common"
"882","Amir Al-Ammari","Iraq","MF","Cracovia","65","common"
"884","Youssef Amyn","Iraq","MF","AEK Larnaca","65","common"
"891","Aymen Hussein","Iraq","FW","Al-Karma","65","common"
"967","Yacine Titraoui","Algeria","MF","Charleroi","65","common"
"1093","Edo Kayembe","DR Congo","MF","Watford","65","common"
"1136","Rustam Ashurmatov","Uzbekistan","DF","Esteghlal","65","common"
"1147","Odiljon Hamrobekov","Uzbekistan","MF","Tractor","65","common"
"1150","Azizjon Ganiev","Uzbekistan","MF","Al-Bataeh","65","common"
"1228","Marvin Senaya","Ghana","DF","Auxerre","65","common"
"1243","Luis Mejía","Panama","GK","Nacional","65","common"
"1247","Fidel Escobar","Panama","DF","Saprissa","65","common"
"1258","Yoel Bárcenas","Panama","MF","Mazatlán","65","common"
"1263","Carlos Harvey","Panama","MF","Minnesota United FC","65","common"
"14","Vladimír Darida","Czech Republic","MF","Hradec Králové","64","common"
"42","Gilberto Mora","Mexico","MF","Tijuana","64","common"
"52","Armando González","Mexico","FW","Guadalajara","64","common"
"60","Ime Okon","South Africa","DF","Hannover 96","64","common"
"66","Olwethu Makhanya","South Africa","DF","Philadelphia Union","64","common"
"106","Martin Zlomislić","Bosnia and Herzegovina","GK","Rijeka","64","common"
"114","Stjepan Radeljić","Bosnia and Herzegovina","DF","Rijeka","64","common"
"153","Niko Sigur","Canada","DF","Hajduk Split","64","common"
"155","Nathan Saliba","Canada","MF","Anderlecht","64","common"
"157","Salah Zakaria","Qatar","GK","Al-Duhail","64","common"
"204","Marvin Keller","Switzerland","GK","Young Boys","64","common"
"247","Leverton Pierre","Haiti","MF","Vizela","64","common"
"258","Josué Casimir","Haiti","FW","Auxerre","64","common"
"259","Yassin Fortuné","Haiti","FW","Vizela","64","common"
"261","Lenny Joseph","Haiti","FW","Ferencváros","64","common"
"285","Chemsdine Talbi","Morocco","FW","Sunderland","64","common"
"324","Awer Mabil","Australia","FW","Castellón","64","common"
"326","Aiden O'Neill","Australia","MF","New York City FC","64","common"
"414","Sebastian Berhalter","United States","MF","Vancouver Whitecaps FC","64","common"
"424","Matt Freese","United States","GK","New York City FC","64","common"
"433","Juninho Bacuna","Curaçao","MF","Volendam","64","common"
"474","Gonzalo Valle","Ecuador","GK","LDU Quito","64","common"
"505","Yahia Fofana","Ivory Coast","GK","Çaykur Rizespor","64","common"
"508","Ghislain Konan","Ivory Coast","DF","Gil Vicente","64","common"
"517","Jean Michaël Seri","Ivory Coast","MF","Maribor","64","common"
"520","Christ Inao Oulaï","Ivory Coast","MF","Trabzonspor","64","common"
"521","Parfait Guiagon","Ivory Coast","MF","Charleroi","64","common"
"603","Alexander Bernhardsson","Sweden","FW","Holstein Kiel","64","common"
"608","Taha Ali","Sweden","FW","Malmö FF","64","common"
"618","Omar Rekik","Tunisia","DF","Maribor","64","common"
"632","Sebastian Tounekti","Tunisia","FW","Celtic","64","common"
"637","Mike Penders","Belgium","GK","Strasbourg","64","common"
"695","Saleh Hardani","Iran","DF","Esteghlal","64","common"
"702","Rouzbeh Cheshmi","Iran","MF","Esteghlal","64","common"
"710","Amirhossein Hosseinzadeh","Iran","FW","Tractor","64","common"
"728","Finn Surman","New Zealand","DF","Portland Timbers","64","common"
"732","Callum McCowatt","New Zealand","MF","Silkeborg","64","common"
"745","Diney","Cape Verde","DF","Al-Bataeh","64","common"
"755","Laros Duarte","Cape Verde","MF","Puskás Akadémia","64","common"
"756","Yannick Semedo","Cape Verde","MF","Farense","64","common"
"758","Garry Rodrigues","Cape Verde","FW","Apollon Limassol","64","common"
"763","Hélio Varela","Cape Verde","FW","Maccabi Tel Aviv","64","common"
"782","Musab Al-Juwayr","Saudi Arabia","MF","Al-Qadsiah","64","common"
"881","Ibrahim Bayesh","Iraq","MF","Al-Dhafra","64","common"
"887","Kevin Yakob","Iraq","MF","AGF","64","common"
"890","Ahmed Qasem","Iraq","MF","Nashville SC","64","common"
"933","Moustapha Mbow","Senegal","DF","Paris FC","64","common"
"957","Rafik Belghali","Algeria","DF","Hellas Verona","64","common"
"1002","David Affengruber","Austria","DF","Elche","64","common"
"1026","Alessandro Schöpf","Austria","MF","Wolfsberger AC","64","common"
"1051","Mohammad Abu Zrayq","Jordan","FW","Raja Casablanca","64","common"
"1053","Ibrahim Sabra","Jordan","FW","Lokomotiva Zagreb","64","common"
"1083","Matthieu Epolo","DR Congo","GK","Standard Liège","64","common"
"1095","Gaël Kakuta","DR Congo","MF","AEL","64","common"
"1149","Akmal Mozgovoy","Uzbekistan","MF","Pakhtakor","64","common"
"1152","Umarali Rakhmonaliev","Uzbekistan","MF","Sabah","64","common"
"1158","Dostonbek Khamdamov","Uzbekistan","FW","Pakhtakor","64","common"
"1225","Jonas Adjetey","Ghana","DF","VfL Wolfsburg","64","common"
"1227","Kojo Peprah Oppong","Ghana","DF","Nice","64","common"
"1234","Kwasi Sibo","Ghana","MF","Oviedo","64","common"
"1265","José Fajardo","Panama","FW","Universidad Católica","64","common"
"62","Khulumani Ndamane","South Africa","DF","Mamelodi Sundowns","63","common"
"77","Thapelo Maseko","South Africa","FW","AEL Limassol","63","common"
"125","Ermin Mahmić","Bosnia and Herzegovina","MF","Slovan Liberec","63","common"
"130","Jovo Lukić","Bosnia and Herzegovina","FW","Universitatea Cluj","63","common"
"133","Luc de Fougerolles","Canada","DF","Dender","63","common"
"150","Ali Ahmed","Canada","MF","Norwich City","63","common"
"162","Homam Ahmed","Qatar","DF","Cultural Leonesa","63","common"
"244","Wilguens Paugain","Haiti","DF","Zulte Waregem","63","common"
"253","Duckens Nazon","Haiti","FW","Esteghlal","63","common"
"257","Ruben Providence","Haiti","FW","Almere City","63","common"
"287","Ayoube Amaimouni","Morocco","FW","Eintracht Frankfurt","63","common"
"300","Dominic Hyam","Scotland","DF","Wrexham","63","common"
"322","Mohamed Touré","Australia","FW","Norwich City","63","common"
"327","Cammy Devlin","Australia","MF","Heart of Midlothian","63","common"
"339","Tete Yengi","Australia","FW","Machida Zelvia","63","common"
"418","Maximilian Arfsten","United States","DF","Columbus Crew","63","common"
"428","Shurandy Sambo","Curaçao","DF","Sparta Rotterdam","63","common"
"431","Sherel Floranus","Curaçao","DF","PEC Zwolle","63","common"
"440","Kenji Gorré","Curaçao","FW","Maccabi Haifa","63","common"
"443","Brandley Kuwas","Curaçao","FW","Volendam","63","common"
"507","Mohamed Koné","Ivory Coast","GK","Charleroi","63","common"
"553","Tomoki Hayakawa","Japan","GK","Kashima Antlers","63","common"
"611","Mouhib Chamakh","Tunisia","GK","Club Africain","63","common"
"624","Mortadha Ben Ouanes","Tunisia","MF","Kasımpaşa","63","common"
"634","Rayan Elloumi","Tunisia","FW","Vancouver Whitecaps FC","63","common"
"696","Ali Nemati","Iran","DF","Foolad","63","common"
"706","Aria Yousefi","Iran","MF","Sepahan","63","common"
"715","Francis de Vries","New Zealand","DF","Auckland FC","63","common"
"724","Alex Paulsen","New Zealand","GK","Lechia Gdańsk","63","common"
"730","Ben Waine","New Zealand","FW","Port Vale","63","common"
"741","CJ dos Santos","Cape Verde","GK","San Diego FC","63","common"
"762","Dailon Livramento","Cape Verde","FW","Casa Pia","63","common"
"784","Ziyad Al-Johani","Saudi Arabia","MF","Al-Ahli","63","common"
"872","Rebin Sulaka","Iraq","DF","Port","63","common"
"875","Zaid Tahseen","Iraq","DF","Pakhtakor","63","common"
"877","Hussein Ali","Iraq","DF","Pogoń Szczecin","63","common"
"888","Aimar Sher","Iraq","MF","Sarpsborg 08","63","common"
"892","Mohanad Ali","Iraq","FW","Dibba","63","common"
"954","Mohamed Amine Tougai","Algeria","DF","Espérance de Tunis","63","common"
"960","Samir Chergui","Algeria","DF","Paris FC","63","common"
"974","Farès Ghedjemis","Algeria","FW","Frosinone","63","common"
"1031","Yazan Al-Arab","Jordan","DF","FC Seoul","63","common"
"1042","Nizar Al-Rashdan","Jordan","MF","Qatar SC","63","common"
"1045","Mohammad Al-Dawoud","Jordan","MF","Al-Wehdat","63","common"
"1054","Ali Azaizeh","Jordan","FW","Al-Shabab","63","common"
"1081","Lionel Mpasi","DR Congo","GK","Le Havre","63","common"
"1138","Khojiakbar Alijonov","Uzbekistan","DF","Pakhtakor","63","common"
"1215","Lawrence Ati-Zigi","Ghana","GK","St. Gallen","63","common"
"1233","Caleb Yirenkyi","Ghana","MF","Nordsjælland","63","common"
"1249","Roderick Miller","Panama","DF","Turan Tovuz","63","common"
"1255","Edgardo Fariña","Panama","DF","Pari Nizhny Novgorod","63","common"
"1267","Cecilio Waterman","Panama","FW","Universidad de Concepción","63","common"
"1268","Tomás Rodríguez","Panama","FW","Saprissa","63","common"
"61","Samukele Kabini","South Africa","DF","Molde","62","common"
"64","Kamogelo Sebelebele","South Africa","DF","Orlando Pirates","62","common"
"65","Bradley Cross","South Africa","DF","Kaizer Chiefs","62","common"
"78","Tshepang Moremi","South Africa","FW","Orlando Pirates","62","common"
"120","Ivan Bašić","Bosnia and Herzegovina","MF","Astana","62","common"
"148","Owen Goodman","Canada","GK","Barnsley","62","common"
"158","Mahmud Abunada","Qatar","GK","Al-Rayyan","62","common"
"163","Lucas Mendes","Qatar","DF","Al-Wakrah","62","common"
"164","Sultan Al-Brake","Qatar","DF","Al-Duhail","62","common"
"172","Ahmed Fathy","Qatar","MF","Al-Arabi","62","common"
"173","Jassem Gaber","Qatar","MF","Al-Rayyan","62","common"
"181","Yusuf Abdurisag","Qatar","FW","Al-Wakrah","62","common"
"183","Ahmed Al-Ganehi","Qatar","FW","Al-Gharafa","62","common"
"236","Johny Placide","Haiti","GK","Bastia","62","common"
"286","Gessime Yassine","Morocco","FW","Strasbourg","62","common"
"306","Ben Gannon-Doak","Scotland","MF","Bournemouth","62","common"
"319","Jason Geria","Australia","DF","Albirex Niigata","62","common"
"328","Kai Trewin","Australia","DF","New York City FC","62","common"
"341","Orlando Gill","Paraguay","GK","San Lorenzo","62","common"
"365","Gustavo Caballero","Paraguay","FW","Portsmouth","62","common"
"425","Chris Brady","United States","GK","Chicago Fire FC","62","common"
"434","Livano Comenencia","Curaçao","MF","Zürich","62","common"
"435","Jürgen Locadia","Curaçao","FW","Miami FC","62","common"
"436","Leandro Bacuna","Curaçao","MF","Iğdır","62","common"
"441","Ar'jany Martha","Curaçao","MF","Rotherham United","62","common"
"464","Moisés Ramírez","Ecuador","GK","Kifisia","62","common"
"503","Lennart Karl","Germany","MF","Bayern Munich","62","common"
"610","Sabri Ben Hessen","Tunisia","GK","Étoile du Sahel","62","common"
"617","Moutaz Neffati","Tunisia","DF","IFK Norrköping","62","common"
"626","Hadj Mahmoud","Tunisia","MF","Lugano","62","common"
"629","Firas Chaouat","Tunisia","FW","Club Africain","62","common"
"673","Tarek Alaa","Egypt","DF","ZED","62","common"
"677","Mahmoud Saber","Egypt","MF","ZED","62","common"
"685","Haissem Hassan","Egypt","FW","Oviedo","62","common"
"707","Amirmohammad Razzaghinia","Iran","MF","Esteghlal","62","common"
"714","Tim Payne","New Zealand","DF","Wellington Phoenix","62","common"
"722","Sarpreet Singh","New Zealand","MF","Wellington Phoenix","62","common"
"729","Kosta Barbarouses","New Zealand","FW","Western Sydney Wanderers","62","common"
"742","Stopira","Cape Verde","DF","Torreense","62","common"
"743","Roberto Lopes","Cape Verde","DF","Shamrock Rovers","62","common"
"786","Alaa Al-Hejji","Saudi Arabia","MF","Neom","62","common"
"876","Frans Putros","Iraq","DF","Persib","62","common"
"889","Zaid Ismail","Iraq","MF","Al-Talaba","62","common"
"894","Ali Yousif","Iraq","FW","Al-Talaba","62","common"
"919","Henrik Falchener","Norway","DF","Viking","62","common"
"949","Luca Zidane","Algeria","GK","Granada","62","common"
"973","Nadhir Benbouali","Algeria","FW","Győri ETO","62","common"
"1012","Florian Wiegele","Austria","GK","Viktoria Plzeň","62","common"
"1039","Noor Al-Rawabdeh","Jordan","MF","Selangor","62","common"
"1043","Mohannad Abu Taha","Jordan","MF","Al-Quwa Al-Jawiya","62","common"
"1044","Amer Jamous","Jordan","MF","Al-Zawraa","62","common"
"1050","Ali Olwan","Jordan","FW","Al-Sailiya","62","common"
"1086","Gédéon Kalulu","DR Congo","DF","Aris Limassol","62","common"
"1088","Dylan Batubinsika","DR Congo","DF","AEL","62","common"
"1091","Steve Kapuadi","DR Congo","DF","Widzew Łódź","62","common"
"1099","Brian Cipenga","DR Congo","MF","Castellón","62","common"
"1145","Avazbek Ulmasaliev","Uzbekistan","DF","AGMK","62","common"
"1148","Jamshid Iskanderov","Uzbekistan","MF","Neftchi","62","common"
"1151","Jasurbek Jaloliddinov","Uzbekistan","MF","Sogdiana","62","common"
"1219","Paul Reverson","Ghana","GK","Ajax","62","common"
"1242","Prince Kwabena Adu","Ghana","FW","Viktoria Plzeň","62","common"
"1246","Eric Davis","Panama","DF","Plaza Amador","62","common"
"1262","César Yanis","Panama","MF","Cobresal","62","common"
"1264","Azarias Londoño","Panama","MF","Universidad Católica","62","common"
"63","Thabang Matuludi","South Africa","DF","Polokwane City","61","common"
"175","Tahsin Jamshid","Qatar","MF","Al-Duhail","61","common"
"325","Paul Izzo","Australia","GK","Randers","61","common"
"338","Lucas Herrington","Australia","DF","Colorado Rapids","61","common"
"430","Roshon van Eijma","Curaçao","DF","RKC Waalwijk","61","common"
"432","Godfried Roemeratoe","Curaçao","MF","RKC Waalwijk","61","common"
"448","Kevin Felida","Curaçao","MF","Den Bosch","61","common"
"620","Raed Chikhaoui","Tunisia","DF","US Monastir","61","common"
"678","Nabil Emad","Egypt","MF","Al-Najma","61","common"
"723","Elijah Just","New Zealand","MF","Motherwell","61","common"
"726","Alex Rufer","New Zealand","MF","Wellington Phoenix","61","common"
"757","Ryan Mendes","Cape Verde","FW","Iğdır","61","common"
"869","Jalal Hassan","Iraq","GK","Al-Zawraa","61","common"
"873","Manaf Younis","Iraq","DF","Al-Shorta","61","common"
"878","Ahmed Yahya","Iraq","DF","Al-Shorta","61","common"
"879","Mustafa Saadoon","Iraq","DF","Al-Shorta","61","common"
"1035","Mo Abualnadi","Jordan","DF","Selangor","61","common"
"1046","Yousef Qashi","Jordan","MF","Al-Hussein","61","common"
"1047","Mohammad Taha","Jordan","MF","Al-Hussein","61","common"
"1049","Mahmoud Al-Mardi","Jordan","FW","Al-Hussein","61","common"
"1092","Samuel Moutoussamy","DR Congo","MF","Atromitos","61","common"
"1153","Sherzod Esanov","Uzbekistan","MF","Bukhara","61","common"
"1160","Azizbek Amonov","Uzbekistan","FW","Bukhara","61","common"
"1161","Ruslanbek Jiyanov","Uzbekistan","FW","Navbahor","61","common"
"1257","Alberto Quintero","Panama","MF","Plaza Amador","61","common"
"54","Ricardo Goss","South Africa","GK","Siwelele","60","common"
"107","Osman Hadžikić","Bosnia and Herzegovina","GK","Slaven Belupo","60","common"
"165","Al-Hashmi Al-Hussain","Qatar","DF","Al-Arabi","60","common"
"166","Ayoub Al-Oui","Qatar","DF","Al-Gharafa","60","common"
"167","Issa Laye","Qatar","DF","Al-Arabi","60","common"
"237","Alexandre Pierre","Haiti","GK","Sochaux","60","common"
"252","Dominique Simon","Haiti","MF","Tatran Prešov","60","common"
"308","Tyler Fletcher","Scotland","MF","Manchester United","60","common"
"317","Jacob Italiano","Australia","DF","GAK","60","common"
"427","Eloy Room","Curaçao","GK","Miami FC","60","common"
"429","Juriën Gaari","Curaçao","DF","Abha","60","common"
"442","Jearl Margaritha","Curaçao","FW","Beveren","60","common"
"445","Gervane Kastaneer","Curaçao","FW","Terengganu","60","common"
"606","Elliot Stroud","Sweden","DF","Mjällby AIF","60","common"
"630","Hazem Mastouri","Tunisia","FW","Dynamo Makhachkala","60","common"
"633","Khalil Ayari","Tunisia","FW","Paris Saint-Germain","60","common"
"663","Mohamed Alaa","Egypt","GK","El Gouna","60","common"
"686","Hamza Abdelkarim","Egypt","FW","Barcelona","60","common"
"697","Danial Eiri","Iran","DF","Malavan","60","common"
"727","Nando Pijnaker","New Zealand","DF","Auckland FC","60","common"
"733","Jesse Randall","New Zealand","FW","Auckland FC","60","common"
"734","Michael Woud","New Zealand","GK","Auckland FC","60","common"
"737","Lachlan Bayliss","New Zealand","MF","Newcastle Jets","60","common"
"750","Kelvin Pires","Cape Verde","DF","SJK","60","common"
"871","Ahmed Basil","Iraq","GK","Al-Shorta","60","common"
"880","Akam Hashim","Iraq","DF","Al-Zawraa","60","common"
"1028","Abdallah Al-Fakhouri","Jordan","GK","Al-Wehdat","60","common"
"1029","Nour Bani Attiah","Jordan","GK","Al-Faisaly","60","common"
"1041","Mohammad Abu Hashish","Jordan","MF","Al-Karma","60","common"
"1097","Aaron Tshibola","DR Congo","MF","Kilmarnock","60","common"
"1133","Utkir Yusupov","Uzbekistan","GK","Navbahor","60","common"
"1137","Farrukh Sayfiev","Uzbekistan","DF","Neftchi","60","common"
"1139","Sherzod Nasrullaev","Uzbekistan","DF","Nasaf","60","common"
"1144","Jakhongir Urozov","Uzbekistan","DF","Dinamo Samarqand","60","common"
"1162","Sherzod Temirov","Uzbekistan","FW","Erbil","60","common"
"1245","César Samudio","Panama","GK","Marathón","60","common"
"1254","Jorge Gutiérrez","Panama","DF","Deportivo La Guaira","60","common"
"1261","Cristian Martínez","Panama","MF","Ironi Kiryat Shmona","60","common"
"159","Shehab Ellethy","Qatar","GK","Al-Shahaniya","59","common"
"168","Rayyan Al-Ali","Qatar","DF","Al-Gharafa","59","common"
"174","Mohamed Al-Mannai","Qatar","MF","Al-Shamal","59","common"
"241","Martin Expérience","Haiti","DF","Nancy","59","common"
"249","Carl Sainté","Haiti","MF","El Paso Locomotive FC","59","common"
"439","Tyrese Noslin","Curaçao","MF","Telstar","59","common"
"452","Trevor Doornbusch","Curaçao","GK","VVV-Venlo","59","common"
"736","Callan Elliot","New Zealand","DF","Auckland FC","59","common"
"738","Tommy Smith","New Zealand","DF","Braintree Town","59","common"
"761","Gilson Benchimol","Cape Verde","FW","Akron Tolyatti","59","common"
"870","Fahad Talib","Iraq","GK","Al-Talaba","59","common"
"959","Achref Abada","Algeria","DF","USM Alger","59","common"
"1032","Abdallah Nasib","Jordan","DF","Al-Zawraa","59","common"
"1034","Husam Abu Dahab","Jordan","DF","Al-Faisaly","59","common"
"1037","Anas Badawi","Jordan","DF","Al-Faisaly","59","common"
"1038","Rajaei Ayed","Jordan","MF","Al-Hussein","59","common"
"1082","Timothy Fayulu","DR Congo","GK","Noah","59","common"
"1134","Abduvohid Nematov","Uzbekistan","GK","Nasaf","59","common"
"1140","Umar Eshmurodov","Uzbekistan","DF","Nasaf","59","common"
"1143","Bekhruz Karimov","Uzbekistan","DF","Surkhon","59","common"
"1218","Joseph Anang","Ghana","GK","St Patrick's Athletic","59","common"
"1253","Jiovany Ramos","Panama","DF","Puerto Cabello","59","common"
"238","Josué Duverger","Haiti","GK","Cosmos Koblenz","58","common"
"243","Duke Lacroix","Haiti","DF","Colorado Springs Switchbacks FC","58","common"
"251","Woodensky Pierre","Haiti","MF","Violette","58","common"
"307","Findlay Curtis","Scotland","MF","Kilmarnock","58","common"
"331","Patrick Beach","Australia","GK","Melbourne City","58","common"
"336","Nishan Velupillay","Australia","FW","Melbourne Victory","58","common"
"337","Paul Okon-Engstler","Australia","MF","Sydney FC","58","common"
"437","Jeremy Antonisse","Curaçao","FW","Kifisia","58","common"
"451","Tyrick Bodak","Curaçao","GK","Telstar","58","common"
"740","Márcio Rosa","Cape Verde","GK","Montana","58","common"
"950","Oussama Benbot","Algeria","GK","USM Alger","58","common"
"951","Melvin Mastil","Algeria","GK","Stade Nyonnais","58","common"
"958","Zineddine Belaïd","Algeria","DF","JS Kabylie","58","common"
"1027","Yazeed Abulaila","Jordan","GK","Al-Hussein","58","common"
"1030","Ihsan Haddad","Jordan","DF","Al-Hussein","58","common"
"1033","Saed Al-Rosan","Jordan","DF","Al-Hussein","58","common"
"1036","Salim Obaid","Jordan","DF","Al-Hussein","58","common"
"1040","Ibrahim Sadeh","Jordan","MF","Al-Karma","58","common"
"1135","Botirali Ergashev","Uzbekistan","GK","Neftchi","58","common"
"1142","Abdulla Abdullaev","Uzbekistan","DF","Dibba","58","common"
"1216","Benjamin Asare","Ghana","GK","Hearts of Oak","58","common"
"1217","Solomon Agbasi","Ghana","GK","Hearts of Oak","58","common"